latitude,longitude,bright_ti4,scan,track,acq_date,acq_time,satellite,instrument,confidence,version,bright_ti5,frp,daynight
28.4967,97.02299,326.36,0.61,0.54,2026-09-05,601,N21,VIIRS,n,2.0NRT,291.75,6.39,D
6.18053,81.00521,341.6,0.39,0.44,2026-09-05,737,N21,VIIRS,n,2.0NRT,300.2,6.97,D
6.18111,81.00873,367,0.39,0.44,2026-09-05,737,N21,VIIRS,h,2.0NRT,301.42,6.97,D
6.18512,81.0081,341.64,0.39,0.44,2026-09-05,737,N21,VIIRS,n,2.0NRT,300.02,6.97,D
6.19029,81.01449,350.84,0.39,0.44,2026-09-05,737,N21,VIIRS,n,2.0NRT,303.74,32.72,D
6.27628,81.02616,337.53,0.39,0.44,2026-09-05,737,N21,VIIRS,n,2.0NRT,297.77,3.74,D
6.31515,81.08774,336.61,0.39,0.44,2026-09-05,737,N21,VIIRS,n,2.0NRT,300.33,2.48,D
6.32819,81.16702,331.01,0.38,0.43,2026-09-05,737,N21,VIIRS,n,2.0NRT,300.29,3.34,D
6.39331,81.12367,342.58,0.38,0.44,2026-09-05,737,N21,VIIRS,n,2.0NRT,302.45,6.15,D
6.394,81.1214,340.94,0.39,0.44,2026-09-05,737,N21,VIIRS,n,2.0NRT,300.47,5.67,D
6.46584,81.11925,341.97,0.38,0.44,2026-09-05,737,N21,VIIRS,n,2.0NRT,302.32,5.64,D
6.54579,80.764,333.55,0.4,0.44,2026-09-05,737,N21,VIIRS,n,2.0NRT,296.25,3.41,D
6.69526,81.38967,336.5,0.55,0.43,2026-09-05,737,N21,VIIRS,n,2.0NRT,302.96,6.48,D
6.69915,81.38907,335.98,0.55,0.43,2026-09-05,737,N21,VIIRS,n,2.0NRT,301.92,6.48,D
6.7238,81.31964,333.39,0.56,0.43,2026-09-05,737,N21,VIIRS,n,2.0NRT,303.11,10.94,D
6.75038,81.36082,334.74,0.55,0.43,2026-09-05,737,N21,VIIRS,n,2.0NRT,297.95,1.71,D
6.7517,81.36264,339.05,0.55,0.43,2026-09-05,737,N21,VIIRS,n,2.0NRT,300.41,3.31,D
6.87156,81.51328,339.57,0.54,0.42,2026-09-05,737,N21,VIIRS,n,2.0NRT,304.4,7.54,D
7.01142,79.91348,339.05,0.45,0.47,2026-09-05,737,N21,VIIRS,n,2.0NRT,295.02,6.73,D
7.1267,81.58102,333.21,0.53,0.42,2026-09-05,737,N21,VIIRS,n,2.0NRT,297.53,7.19,D
7.1271,81.57954,335.21,0.53,0.42,2026-09-05,737,N21,VIIRS,n,2.0NRT,297.74,7.56,D
7.16188,81.62848,333.79,0.53,0.42,2026-09-05,737,N21,VIIRS,n,2.0NRT,298.88,4.59,D
7.18388,81.00388,333.58,0.57,0.43,2026-09-05,737,N21,VIIRS,n,2.0NRT,299.91,10.2,D
7.27667,81.78283,337.05,0.51,0.41,2026-09-05,737,N21,VIIRS,n,2.0NRT,300.59,8.24,D
7.29247,81.19645,334.19,0.56,0.43,2026-09-05,737,N21,VIIRS,n,2.0NRT,299.52,4.12,D
7.30372,81.80671,333.51,0.51,0.41,2026-09-05,737,N21,VIIRS,l,2.0NRT,299.34,9.75,D
7.30446,81.81128,337.25,0.51,0.41,2026-09-05,737,N21,VIIRS,l,2.0NRT,300.54,12.02,D
7.34721,81.81381,331.86,0.51,0.41,2026-09-05,737,N21,VIIRS,l,2.0NRT,300.69,10.43,D
7.41682,81.31386,336.03,0.54,0.42,2026-09-05,737,N21,VIIRS,n,2.0NRT,300.5,11.63,D
7.44639,81.72941,341.41,0.51,0.41,2026-09-05,737,N21,VIIRS,n,2.0NRT,300.57,4.9,D
7.4486,81.74319,335.26,0.51,0.41,2026-09-05,737,N21,VIIRS,l,2.0NRT,300.76,4.01,D
7.45985,81.03954,342.39,0.56,0.43,2026-09-05,737,N21,VIIRS,n,2.0NRT,303.93,29.39,D
7.46377,81.03889,343.98,0.56,0.43,2026-09-05,737,N21,VIIRS,n,2.0NRT,302.57,29.39,D
7.46416,81.04201,340.02,0.56,0.43,2026-09-05,737,N21,VIIRS,n,2.0NRT,303.81,19.18,D
7.57095,81.46792,332.02,0.53,0.42,2026-09-05,737,N21,VIIRS,n,2.0NRT,298.72,6.57,D
7.57632,81.47676,334.11,0.53,0.42,2026-09-05,737,N21,VIIRS,n,2.0NRT,299.54,6.85,D
7.61417,81.02277,338.77,0.56,0.43,2026-09-05,737,N21,VIIRS,n,2.0NRT,303.02,6.41,D
7.61551,81.0793,344.99,0.56,0.43,2026-09-05,737,N21,VIIRS,n,2.0NRT,304.14,16.68,D
7.62918,80.65575,339.48,0.39,0.44,2026-09-05,737,N21,VIIRS,n,2.0NRT,297.58,7.88,D
7.66872,80.19806,340.08,0.42,0.45,2026-09-05,737,N21,VIIRS,n,2.0NRT,296.98,3.35,D
7.67152,81.17696,336.83,0.55,0.43,2026-09-05,737,N21,VIIRS,n,2.0NRT,303.08,5.52,D
7.68374,81.12951,333.78,0.55,0.43,2026-09-05,737,N21,VIIRS,n,2.0NRT,301.26,5.6,D
7.74439,81.5052,336.63,0.53,0.42,2026-09-05,737,N21,VIIRS,n,2.0NRT,301.07,6.25,D
7.75302,80.72077,333.29,0.39,0.44,2026-09-05,737,N21,VIIRS,n,2.0NRT,300.55,3.7,D
7.75945,81.19453,338.75,0.55,0.42,2026-09-05,737,N21,VIIRS,n,2.0NRT,304.42,10.88,D
7.78929,80.66798,331.91,0.39,0.44,2026-09-05,737,N21,VIIRS,n,2.0NRT,298.89,1.73,D
7.79131,80.17845,342.19,0.42,0.45,2026-09-05,737,N21,VIIRS,n,2.0NRT,297.69,4.53,D
7.79544,80.17777,331.9,0.42,0.45,2026-09-05,737,N21,VIIRS,n,2.0NRT,297.2,4.53,D
7.85636,80.0465,347.38,0.43,0.46,2026-09-05,737,N21,VIIRS,n,2.0NRT,299.53,37.54,D
7.85701,80.05032,330.48,0.43,0.46,2026-09-05,737,N21,VIIRS,n,2.0NRT,296.21,15.84,D
7.85721,81.43674,340.02,0.53,0.42,2026-09-05,737,N21,VIIRS,n,2.0NRT,302.57,7.88,D
7.8576,81.43509,339.81,0.53,0.42,2026-09-05,737,N21,VIIRS,n,2.0NRT,302.63,11.9,D
7.89418,80.31764,339.76,0.41,0.45,2026-09-05,737,N21,VIIRS,n,2.0NRT,297.94,5.35,D
7.89461,80.31826,332.67,0.41,0.45,2026-09-05,737,N21,VIIRS,n,2.0NRT,297.53,9,D
7.90802,80.30027,331.69,0.41,0.45,2026-09-05,737,N21,VIIRS,n,2.0NRT,298.86,6.39,D
7.91461,80.61813,341.32,0.39,0.44,2026-09-05,737,N21,VIIRS,n,2.0NRT,300.04,8.43,D
7.93027,81.40559,345.23,0.53,0.42,2026-09-05,737,N21,VIIRS,n,2.0NRT,299.9,10.04,D
7.93482,81.3854,339.82,0.53,0.42,2026-09-05,737,N21,VIIRS,n,2.0NRT,302.59,18.22,D
7.93559,81.39014,338.79,0.53,0.42,2026-09-05,737,N21,VIIRS,n,2.0NRT,302.86,18.22,D
7.93787,81.38004,338.14,0.53,0.42,2026-09-05,737,N21,VIIRS,n,2.0NRT,302.73,6.46,D
7.94071,81.18967,339.42,0.54,0.42,2026-09-05,737,N21,VIIRS,n,2.0NRT,301.59,7.56,D
7.94169,81.37943,335.18,0.53,0.42,2026-09-05,737,N21,VIIRS,n,2.0NRT,299.73,6.46,D
7.9424,80.42964,336.74,0.4,0.44,2026-09-05,737,N21,VIIRS,n,2.0NRT,296.88,5.46,D
7.9455,81.37881,348.99,0.53,0.42,2026-09-05,737,N21,VIIRS,n,2.0NRT,300.33,9.43,D
7.94627,81.38355,335.76,0.53,0.42,2026-09-05,737,N21,VIIRS,n,2.0NRT,300.52,5.04,D
7.94699,81.31493,340.02,0.54,0.42,2026-09-05,737,N21,VIIRS,n,2.0NRT,305.11,13.42,D
7.94932,81.3782,339.55,0.53,0.42,2026-09-05,737,N21,VIIRS,n,2.0NRT,301.3,9.43,D
7.95537,79.93833,336.55,0.43,0.46,2026-09-05,737,N21,VIIRS,n,2.0NRT,297.25,3.18,D
7.95669,80.02126,331.42,0.43,0.46,2026-09-05,737,N21,VIIRS,n,2.0NRT,297.18,3.26,D
7.9603,80.60966,343.38,0.39,0.44,2026-09-05,737,N21,VIIRS,n,2.0NRT,300.1,4,D
7.96233,80.07906,330.31,0.42,0.46,2026-09-05,737,N21,VIIRS,n,2.0NRT,298.05,3.98,D
7.9628,80.032,341.13,0.43,0.46,2026-09-05,737,N21,VIIRS,n,2.0NRT,295.51,5.71,D
7.96371,81.28021,337.41,0.54,0.42,2026-09-05,737,N21,VIIRS,n,2.0NRT,301.92,12.37,D
7.97723,80.04148,334.23,0.43,0.46,2026-09-05,737,N21,VIIRS,n,2.0NRT,296.78,4.37,D
7.98671,80.79081,347.02,0.38,0.43,2026-09-05,737,N21,VIIRS,n,2.0NRT,297.87,9.95,D
8.01859,81.42266,344.26,0.53,0.42,2026-09-05,737,N21,VIIRS,n,2.0NRT,302.43,8.5,D
8.03861,80.61135,330.45,0.39,0.44,2026-09-05,737,N21,VIIRS,n,2.0NRT,297.51,4.84,D
8.04671,81.42775,336.73,0.53,0.42,2026-09-05,737,N21,VIIRS,n,2.0NRT,303.12,5.95,D
8.04815,80.00616,335.02,0.43,0.46,2026-09-05,737,N21,VIIRS,n,2.0NRT,296.88,7.4,D
8.05173,80.66666,335.82,0.39,0.44,2026-09-05,737,N21,VIIRS,n,2.0NRT,299.87,4.08,D
8.08739,81.36948,333.97,0.53,0.42,2026-09-05,737,N21,VIIRS,n,2.0NRT,298.45,22.49,D
8.10218,81.10001,334.7,0.55,0.43,2026-09-05,737,N21,VIIRS,n,2.0NRT,300.97,5.27,D
8.12346,80.81154,367,0.57,0.43,2026-09-05,737,N21,VIIRS,h,2.0NRT,303.71,32.44,D
8.12492,80.54909,353.29,0.39,0.44,2026-09-05,737,N21,VIIRS,n,2.0NRT,298.49,8.18,D
8.1255,80.55262,340.07,0.39,0.44,2026-09-05,737,N21,VIIRS,n,2.0NRT,300.05,8.18,D
8.12731,80.6135,332.39,0.39,0.44,2026-09-05,737,N21,VIIRS,n,2.0NRT,297.2,3.66,D
8.12893,80.54842,346.63,0.39,0.44,2026-09-05,737,N21,VIIRS,n,2.0NRT,300.82,8.5,D
8.17761,80.5827,341.08,0.39,0.44,2026-09-05,737,N21,VIIRS,n,2.0NRT,298.28,7.58,D
8.18213,80.6822,338.55,0.39,0.44,2026-09-05,737,N21,VIIRS,n,2.0NRT,299.2,4.04,D
8.20279,81.02484,330.71,0.55,0.43,2026-09-05,737,N21,VIIRS,l,2.0NRT,300.79,4.3,D
8.20732,81.31739,341.2,0.53,0.42,2026-09-05,737,N21,VIIRS,n,2.0NRT,303.71,8.67,D
8.20811,81.32212,334.14,0.53,0.42,2026-09-05,737,N21,VIIRS,n,2.0NRT,302.68,8.67,D
8.2525,80.25742,331.97,0.41,0.45,2026-09-05,737,N21,VIIRS,l,2.0NRT,302.73,3.74,D
8.25539,80.32426,333.93,0.41,0.45,2026-09-05,737,N21,VIIRS,n,2.0NRT,298.68,3.19,D
8.25945,80.32359,345.26,0.41,0.45,2026-09-05,737,N21,VIIRS,n,2.0NRT,300.31,6.93,D
8.26432,80.63666,335.7,0.39,0.44,2026-09-05,737,N21,VIIRS,n,2.0NRT,301.06,5.11,D
8.2833,80.51466,339.89,0.39,0.44,2026-09-05,737,N21,VIIRS,n,2.0NRT,298.47,8.39,D
8.28638,80.99302,344.51,0.55,0.43,2026-09-05,737,N21,VIIRS,n,2.0NRT,301.74,12.4,D
8.37836,80.62711,331.03,0.39,0.44,2026-09-05,737,N21,VIIRS,n,2.0NRT,300.48,5.46,D
8.37986,80.62785,331.83,0.39,0.44,2026-09-05,737,N21,VIIRS,n,2.0NRT,300.36,2.61,D
8.38692,81.01472,333.98,0.55,0.43,2026-09-05,737,N21,VIIRS,n,2.0NRT,297.81,5.14,D
8.3987,81.03794,337.46,0.55,0.42,2026-09-05,737,N21,VIIRS,n,2.0NRT,301.73,6.59,D
8.40236,80.42842,335.3,0.4,0.44,2026-09-05,737,N21,VIIRS,n,2.0NRT,296.38,4.55,D
8.40295,80.43198,339.07,0.4,0.44,2026-09-05,737,N21,VIIRS,n,2.0NRT,296.54,4.55,D
8.42342,80.3809,336.8,0.4,0.44,2026-09-05,737,N21,VIIRS,n,2.0NRT,296.24,4.34,D
8.42401,80.38447,336.58,0.4,0.44,2026-09-05,737,N21,VIIRS,n,2.0NRT,296.12,4.34,D
8.44075,81.1011,335.52,0.54,0.42,2026-09-05,737,N21,VIIRS,n,2.0NRT,302.37,8.05,D
8.44334,80.19783,340.25,0.41,0.45,2026-09-05,737,N21,VIIRS,n,2.0NRT,297.98,7.97,D
8.44381,81.09562,340.51,0.54,0.42,2026-09-05,737,N21,VIIRS,n,2.0NRT,302.91,10.44,D
8.47817,80.66403,340.91,0.38,0.43,2026-09-05,737,N21,VIIRS,n,2.0NRT,300.17,4.31,D
8.4883,80.8731,332.8,0.56,0.43,2026-09-05,737,N21,VIIRS,n,2.0NRT,297.94,6.54,D
8.49506,80.74255,337.97,0.57,0.43,2026-09-05,737,N21,VIIRS,n,2.0NRT,299.43,7.6,D
8.51198,80.60393,340.56,0.39,0.44,2026-09-05,737,N21,VIIRS,n,2.0NRT,299.96,9.11,D
8.51638,80.74951,330.49,0.57,0.43,2026-09-05,737,N21,VIIRS,l,2.0NRT,302.5,7.31,D
8.5738,80.39909,331.1,0.4,0.44,2026-09-05,737,N21,VIIRS,n,2.0NRT,300.58,2.98,D
8.59021,80.60898,337.45,0.38,0.44,2026-09-05,737,N21,VIIRS,n,2.0NRT,299.65,5.34,D
8.62455,77.91331,335.09,0.58,0.52,2026-09-05,737,N21,VIIRS,n,2.0NRT,296.57,6.53,D
8.62472,80.7961,332.17,0.56,0.43,2026-09-05,737,N21,VIIRS,n,2.0NRT,301.58,10.52,D
8.62842,77.79488,343.54,0.59,0.53,2026-09-05,737,N21,VIIRS,n,2.0NRT,300.2,9.66,D
8.63003,80.38985,346,0.4,0.44,2026-09-05,737,N21,VIIRS,n,2.0NRT,300.73,9.6,D
8.63017,80.80332,330.97,0.56,0.43,2026-09-05,737,N21,VIIRS,l,2.0NRT,302.03,11.21,D
8.63026,80.8055,331.4,0.56,0.43,2026-09-05,737,N21,VIIRS,l,2.0NRT,301.82,13.65,D
8.63492,80.80767,338.69,0.56,0.43,2026-09-05,737,N21,VIIRS,n,2.0NRT,300.74,7.12,D
8.64695,80.8314,335.05,0.56,0.43,2026-09-05,737,N21,VIIRS,n,2.0NRT,299.62,8.81,D
8.65199,80.86128,331.5,0.56,0.43,2026-09-05,737,N21,VIIRS,n,2.0NRT,298.06,4.36,D
8.6564,81.06465,335.54,0.54,0.42,2026-09-05,737,N21,VIIRS,n,2.0NRT,300.37,12.42,D
8.67236,80.71859,333.78,0.57,0.43,2026-09-05,737,N21,VIIRS,n,2.0NRT,298.05,3.77,D
8.67286,80.84249,336.4,0.56,0.43,2026-09-05,737,N21,VIIRS,n,2.0NRT,298.93,9.91,D
8.68055,80.91254,333.32,0.55,0.43,2026-09-05,737,N21,VIIRS,n,2.0NRT,299.52,11.9,D
8.68196,80.89706,334.01,0.55,0.43,2026-09-05,737,N21,VIIRS,n,2.0NRT,297.17,8.93,D
8.69129,80.8086,334.11,0.56,0.43,2026-09-05,737,N21,VIIRS,n,2.0NRT,300.92,4.55,D
8.69212,80.8136,331.93,0.56,0.43,2026-09-05,737,N21,VIIRS,n,2.0NRT,300.57,4.55,D
8.69386,81.01614,338.59,0.54,0.42,2026-09-05,737,N21,VIIRS,n,2.0NRT,302.04,12.99,D
8.70343,80.85784,335.87,0.56,0.43,2026-09-05,737,N21,VIIRS,n,2.0NRT,300.87,10.5,D
8.72705,80.56362,337.53,0.39,0.44,2026-09-05,737,N21,VIIRS,n,2.0NRT,300.67,4.42,D
8.7325,80.71602,335.58,0.57,0.43,2026-09-05,737,N21,VIIRS,n,2.0NRT,297.79,9.94,D
8.74177,77.40366,340.22,0.62,0.54,2026-09-05,737,N21,VIIRS,n,2.0NRT,301.53,10.53,D
8.74959,80.52776,355.1,0.39,0.44,2026-09-05,737,N21,VIIRS,n,2.0NRT,302.93,82.75,D
8.74992,77.84068,335.67,0.58,0.52,2026-09-05,737,N21,VIIRS,n,2.0NRT,298.97,15.53,D
8.75356,80.52709,354.44,0.39,0.44,2026-09-05,737,N21,VIIRS,n,2.0NRT,302.1,15.19,D
8.77072,80.10439,333.71,0.41,0.45,2026-09-05,737,N21,VIIRS,n,2.0NRT,299.01,3.88,D
8.80412,80.99981,344.37,0.54,0.42,2026-09-05,737,N21,VIIRS,n,2.0NRT,302.68,10.88,D
8.80878,81.00401,333.38,0.54,0.42,2026-09-05,737,N21,VIIRS,n,2.0NRT,299.01,7.87,D
8.81183,80.99852,336.95,0.54,0.42,2026-09-05,737,N21,VIIRS,n,2.0NRT,301.31,18.44,D
8.81388,80.96309,331.23,0.55,0.42,2026-09-05,737,N21,VIIRS,n,2.0NRT,299.49,5.44,D
8.84348,78.11538,332.2,0.55,0.51,2026-09-05,737,N21,VIIRS,n,2.0NRT,298.73,3.27,D
8.84688,77.52462,344.05,0.61,0.53,2026-09-05,737,N21,VIIRS,n,2.0NRT,303.55,11.27,D
8.85195,80.53835,330.59,0.39,0.44,2026-09-05,737,N21,VIIRS,n,2.0NRT,297.98,2.46,D
8.87289,77.61432,343.61,0.6,0.53,2026-09-05,737,N21,VIIRS,n,2.0NRT,301.85,7.78,D
8.88239,80.88835,333.34,0.55,0.43,2026-09-05,737,N21,VIIRS,n,2.0NRT,298.67,4.24,D
8.89071,80.86668,335.6,0.55,0.43,2026-09-05,737,N21,VIIRS,n,2.0NRT,300.51,7.63,D
8.89377,80.86111,336.35,0.55,0.43,2026-09-05,737,N21,VIIRS,n,2.0NRT,301.44,6.5,D
8.91644,80.87761,334.99,0.55,0.43,2026-09-05,737,N21,VIIRS,n,2.0NRT,296.23,3.9,D
8.92807,80.87569,334.67,0.55,0.43,2026-09-05,737,N21,VIIRS,n,2.0NRT,297.96,7.13,D
8.94371,80.77622,332.19,0.56,0.43,2026-09-05,737,N21,VIIRS,n,2.0NRT,301.62,5.56,D
8.94453,80.78122,344.01,0.56,0.43,2026-09-05,737,N21,VIIRS,n,2.0NRT,301.74,9.23,D
8.99111,80.8628,339.07,0.55,0.43,2026-09-05,737,N21,VIIRS,n,2.0NRT,295.81,31.11,D
9.01345,80.58607,336.83,0.57,0.43,2026-09-05,737,N21,VIIRS,n,2.0NRT,297.05,5.19,D
9.0763,80.40665,345.22,0.39,0.44,2026-09-05,737,N21,VIIRS,n,2.0NRT,300.6,10.5,D
9.3084,78.79866,339.66,0.49,0.49,2026-09-05,737,N21,VIIRS,n,2.0NRT,297.82,3.98,D
9.33327,77.42467,339.48,0.61,0.53,2026-09-05,737,N21,VIIRS,n,2.0NRT,296.24,4.67,D
9.37131,80.31544,343.55,0.39,0.44,2026-09-05,737,N21,VIIRS,n,2.0NRT,299.78,9.02,D
9.39154,78.88762,338.73,0.48,0.48,2026-09-05,737,N21,VIIRS,n,2.0NRT,299.34,4.61,D
9.39205,78.88804,340.54,0.48,0.48,2026-09-05,737,N21,VIIRS,n,2.0NRT,298.99,4.69,D
9.39592,78.88686,336.72,0.48,0.48,2026-09-05,737,N21,VIIRS,n,2.0NRT,298.79,4.61,D
9.39643,78.8873,333.15,0.48,0.48,2026-09-05,737,N21,VIIRS,n,2.0NRT,298.66,4.69,D
9.39784,80.42539,342,0.38,0.43,2026-09-05,737,N21,VIIRS,n,2.0NRT,299.87,4.57,D
9.41481,80.42964,349.38,0.38,0.43,2026-09-05,737,N21,VIIRS,n,2.0NRT,301,19.06,D
9.41498,80.45523,333.44,0.57,0.43,2026-09-05,737,N21,VIIRS,n,2.0NRT,300.47,12.91,D
9.41584,80.46038,345.39,0.57,0.43,2026-09-05,737,N21,VIIRS,n,2.0NRT,300.28,12.91,D
9.42989,80.40474,334.33,0.38,0.44,2026-09-05,737,N21,VIIRS,n,2.0NRT,299.84,2.23,D
9.43119,80.4056,335.33,0.38,0.44,2026-09-05,737,N21,VIIRS,n,2.0NRT,299.79,2.81,D
9.43621,80.41788,339.65,0.38,0.43,2026-09-05,737,N21,VIIRS,n,2.0NRT,299.4,4.28,D
9.44193,80.42754,331.66,0.38,0.43,2026-09-05,737,N21,VIIRS,n,2.0NRT,298.91,2.16,D
9.47066,80.501,336.6,0.57,0.43,2026-09-05,737,N21,VIIRS,n,2.0NRT,299.41,6.14,D
10.09445,77.89512,342.08,0.55,0.51,2026-09-05,737,N21,VIIRS,n,2.0NRT,301.1,13.48,D
10.09586,77.89691,340.86,0.55,0.51,2026-09-05,737,N21,VIIRS,n,2.0NRT,299.51,9.09,D
10.27044,77.25731,330.63,0.6,0.53,2026-09-05,737,N21,VIIRS,n,2.0NRT,297.08,7.7,D
10.40149,79.27921,331.57,0.44,0.46,2026-09-05,737,N21,VIIRS,n,2.0NRT,297.24,7.13,D
10.43229,79.63264,342.49,0.41,0.45,2026-09-05,737,N21,VIIRS,n,2.0NRT,298.67,4.35,D
10.43859,77.31449,339.76,0.59,0.53,2026-09-05,737,N21,VIIRS,n,2.0NRT,301.16,12.02,D
10.68266,77.4065,338.57,0.58,0.52,2026-09-05,737,N21,VIIRS,n,2.0NRT,303.34,11.41,D
10.71123,79.4289,341.69,0.42,0.45,2026-09-05,737,N21,VIIRS,n,2.0NRT,300.29,6.18,D
10.87756,79.31715,332.91,0.43,0.46,2026-09-05,737,N21,VIIRS,n,2.0NRT,298.71,4.55,D
10.98393,78.21921,337.97,0.5,0.49,2026-09-05,737,N21,VIIRS,n,2.0NRT,300.17,7,D
11.00214,77.12466,339.89,0.6,0.53,2026-09-05,737,N21,VIIRS,n,2.0NRT,303.19,13.48,D
11.48418,77.27011,333.99,0.57,0.52,2026-09-05,739,N21,VIIRS,n,2.0NRT,300.69,3.57,D
12.15397,78.16905,336.62,0.48,0.48,2026-09-05,739,N21,VIIRS,n,2.0NRT,302.19,4.39,D
12.8087,79.956,331.25,0.55,0.43,2026-09-05,739,N21,VIIRS,n,2.0NRT,300.28,3.42,D
12.98483,74.85038,331.47,0.39,0.59,2026-09-05,739,N21,VIIRS,n,2.0NRT,293.42,3.31,D
13.40306,77.79495,331.54,0.49,0.48,2026-09-05,739,N21,VIIRS,l,2.0NRT,303.21,4.98,D
13.83938,78.43033,333.73,0.44,0.46,2026-09-05,739,N21,VIIRS,l,2.0NRT,304.36,6.4,D
13.98039,77.90034,333.52,0.47,0.48,2026-09-05,739,N21,VIIRS,n,2.0NRT,297.82,4.5,D
13.99219,78.44974,339.86,0.43,0.46,2026-09-05,739,N21,VIIRS,n,2.0NRT,301.76,5.69,D
14.29248,79.05112,339.86,0.39,0.44,2026-09-05,739,N21,VIIRS,n,2.0NRT,299.56,5.16,D
14.29637,79.04987,339.91,0.39,0.44,2026-09-05,739,N21,VIIRS,n,2.0NRT,299.87,5.16,D
14.29697,79.05332,351.13,0.39,0.44,2026-09-05,739,N21,VIIRS,n,2.0NRT,300.03,10.83,D
14.38531,77.7276,340.52,0.47,0.48,2026-09-05,739,N21,VIIRS,n,2.0NRT,302.25,6.8,D
14.42101,78.31239,339.84,0.43,0.46,2026-09-05,739,N21,VIIRS,n,2.0NRT,305.8,7.07,D
14.52478,79.06197,339.03,0.39,0.44,2026-09-05,739,N21,VIIRS,n,2.0NRT,304.58,3.45,D
14.53701,79.08536,341.22,0.39,0.44,2026-09-05,739,N21,VIIRS,n,2.0NRT,301.77,7.22,D
14.57085,79.05241,331.71,0.39,0.44,2026-09-05,739,N21,VIIRS,l,2.0NRT,303.67,2.7,D
14.62758,79.59048,337.53,0.54,0.42,2026-09-05,739,N21,VIIRS,n,2.0NRT,302.9,3.52,D
14.66492,79.76666,337.9,0.53,0.42,2026-09-05,739,N21,VIIRS,n,2.0NRT,303.79,5.81,D
14.66505,79.76515,338.05,0.53,0.42,2026-09-05,739,N21,VIIRS,n,2.0NRT,303.38,8.22,D
14.74364,78.99567,342.35,0.39,0.44,2026-09-05,739,N21,VIIRS,n,2.0NRT,302.29,5.59,D
14.74425,78.99921,339.52,0.39,0.44,2026-09-05,739,N21,VIIRS,n,2.0NRT,302.1,6.21,D
14.74564,79.71235,336.25,0.53,0.42,2026-09-05,739,N21,VIIRS,n,2.0NRT,305.58,10.25,D
14.7626,79.65701,337.34,0.53,0.42,2026-09-05,739,N21,VIIRS,n,2.0NRT,305.71,8.58,D
14.88983,79.23417,337.37,0.56,0.43,2026-09-05,739,N21,VIIRS,n,2.0NRT,302.61,5.26,D
14.89373,79.23341,344.92,0.56,0.43,2026-09-05,739,N21,VIIRS,n,2.0NRT,306.78,11.33,D
14.8944,79.23558,337.63,0.56,0.43,2026-09-05,739,N21,VIIRS,n,2.0NRT,304.76,13.38,D
15.05152,77.10382,339.01,0.51,0.49,2026-09-05,739,N21,VIIRS,n,2.0NRT,300.38,6.89,D
15.05385,77.10737,337.91,0.51,0.49,2026-09-05,739,N21,VIIRS,n,2.0NRT,301.86,8.26,D
15.08309,77.31823,342.25,0.49,0.49,2026-09-05,739,N21,VIIRS,n,2.0NRT,300.72,6.51,D
15.08391,77.32272,339.45,0.49,0.49,2026-09-05,739,N21,VIIRS,n,2.0NRT,301.4,11.74,D
15.14559,77.5779,336.17,0.47,0.48,2026-09-05,739,N21,VIIRS,n,2.0NRT,301.03,5.52,D
15.16157,78.87546,343.2,0.39,0.44,2026-09-05,739,N21,VIIRS,n,2.0NRT,304.9,6.56,D
15.16326,78.87621,344.53,0.39,0.44,2026-09-05,739,N21,VIIRS,n,2.0NRT,306.18,8.69,D
15.18071,79.9314,331.23,0.51,0.41,2026-09-05,739,N21,VIIRS,n,2.0NRT,298.08,8.37,D
15.18146,76.66666,332.37,0.54,0.51,2026-09-05,739,N21,VIIRS,n,2.0NRT,300.59,8.52,D
15.97591,78.40904,341.13,0.4,0.44,2026-09-05,739,N21,VIIRS,n,2.0NRT,300.09,2.35,D
16.18167,75.15438,346.32,0.33,0.55,2026-09-05,739,N21,VIIRS,n,2.0NRT,297.58,3.88,D
16.46725,79.59427,331.45,0.51,0.41,2026-09-05,739,N21,VIIRS,l,2.0NRT,303.99,4.62,D
16.518,78.36384,339.6,0.4,0.44,2026-09-05,739,N21,VIIRS,n,2.0NRT,297.35,6.01,D
16.87762,79.99414,331.98,0.48,0.4,2026-09-05,739,N21,VIIRS,l,2.0NRT,301.59,4.26,D
17.04735,81.88509,333.51,0.4,0.37,2026-09-05,739,N21,VIIRS,n,2.0NRT,297.78,3.4,D
17.60797,83.20338,331.3,0.38,0.36,2026-09-05,739,N21,VIIRS,n,2.0NRT,300.58,4.54,D
17.61126,83.20282,330.46,0.38,0.36,2026-09-05,739,N21,VIIRS,l,2.0NRT,300.55,3.1,D
19.09286,82.17107,333.96,0.39,0.36,2026-09-05,739,N21,VIIRS,n,2.0NRT,298.66,4.83,D
20.76047,85.29589,334.78,0.43,0.38,2026-09-05,741,N21,VIIRS,n,2.0NRT,301.5,9.92,D
20.79373,85.25279,337.35,0.43,0.38,2026-09-05,741,N21,VIIRS,n,2.0NRT,302.21,11.33,D
20.86238,84.98907,332.44,0.42,0.38,2026-09-05,741,N21,VIIRS,n,2.0NRT,298.19,4.32,D
20.86294,84.99312,332.71,0.42,0.38,2026-09-05,741,N21,VIIRS,n,2.0NRT,300.19,9.04,D
20.95183,86.04603,337.08,0.47,0.4,2026-09-05,741,N21,VIIRS,n,2.0NRT,299.89,11.3,D
20.95243,86.05051,337.76,0.47,0.4,2026-09-05,741,N21,VIIRS,n,2.0NRT,300.36,12.48,D
20.9564,85.01198,331.15,0.43,0.38,2026-09-05,741,N21,VIIRS,l,2.0NRT,302.24,5.42,D
20.96243,85.18635,344.47,0.43,0.38,2026-09-05,741,N21,VIIRS,n,2.0NRT,301.74,5.69,D
20.96299,85.19049,336.16,0.43,0.38,2026-09-05,741,N21,VIIRS,n,2.0NRT,302.37,5.69,D
20.96368,85.16933,337.04,0.43,0.38,2026-09-05,741,N21,VIIRS,n,2.0NRT,301.56,4.3,D
20.96423,85.17345,331.03,0.43,0.38,2026-09-05,741,N21,VIIRS,n,2.0NRT,300.29,4.3,D
20.96715,85.16881,330.83,0.43,0.38,2026-09-05,741,N21,VIIRS,l,2.0NRT,301.6,4.69,D
20.96771,85.17292,340.7,0.43,0.38,2026-09-05,741,N21,VIIRS,n,2.0NRT,302.02,4.69,D
20.96827,85.17702,336.07,0.43,0.38,2026-09-05,741,N21,VIIRS,n,2.0NRT,301.48,3.89,D
20.9684,85.15186,338.21,0.43,0.38,2026-09-05,741,N21,VIIRS,n,2.0NRT,302.5,7.87,D
20.97174,85.17648,330.59,0.43,0.38,2026-09-05,741,N21,VIIRS,n,2.0NRT,300.16,3.89,D
20.97349,86.00412,330.64,0.47,0.39,2026-09-05,741,N21,VIIRS,n,2.0NRT,298.91,7.97,D
20.97813,85.17133,330.81,0.43,0.38,2026-09-05,741,N21,VIIRS,n,2.0NRT,300.09,6.07,D
21.67903,84.03973,334.77,0.4,0.37,2026-09-05,741,N21,VIIRS,n,2.0NRT,301.91,6.22,D
21.73983,83.84127,330.66,0.4,0.37,2026-09-05,741,N21,VIIRS,l,2.0NRT,301.02,3.69,D
21.74318,83.84072,338.54,0.4,0.37,2026-09-05,741,N21,VIIRS,n,2.0NRT,301.18,3.69,D
21.74571,83.8412,337.03,0.4,0.37,2026-09-05,741,N21,VIIRS,n,2.0NRT,300.69,5.14,D
21.74626,83.84503,332.02,0.4,0.37,2026-09-05,741,N21,VIIRS,n,2.0NRT,300.45,4.66,D
21.74906,83.84065,334.1,0.4,0.37,2026-09-05,741,N21,VIIRS,n,2.0NRT,298.25,5.14,D
21.7496,83.84448,332.62,0.4,0.37,2026-09-05,741,N21,VIIRS,n,2.0NRT,299.58,4.66,D
21.75295,83.84393,332.49,0.4,0.37,2026-09-05,741,N21,VIIRS,n,2.0NRT,299.16,4.44,D
21.80075,83.89083,331.1,0.4,0.37,2026-09-05,741,N21,VIIRS,n,2.0NRT,299.07,4.61,D
21.91979,83.35107,333.15,0.39,0.36,2026-09-05,741,N21,VIIRS,n,2.0NRT,295.87,4.81,D
21.98429,83.2333,330.89,0.39,0.36,2026-09-05,741,N21,VIIRS,n,2.0NRT,297.5,5.54,D
22.01548,83.75323,332.23,0.4,0.37,2026-09-05,741,N21,VIIRS,n,2.0NRT,298.5,4,D
22.20641,84.86032,333.67,0.43,0.38,2026-09-05,741,N21,VIIRS,n,2.0NRT,293.64,2.9,D
22.37712,87.28085,344.15,0.56,0.43,2026-09-05,741,N21,VIIRS,n,2.0NRT,301.14,10.49,D
23.55816,87.24094,340.7,0.39,0.44,2026-09-05,741,N21,VIIRS,n,2.0NRT,288.98,9.32,D
23.66361,87.15351,332.47,0.38,0.43,2026-09-05,741,N21,VIIRS,n,2.0NRT,294.03,6.54,D
23.67541,86.40211,331.36,0.52,0.42,2026-09-05,741,N21,VIIRS,n,2.0NRT,299.31,7.66,D
23.67755,86.08622,331.24,0.5,0.41,2026-09-05,741,N21,VIIRS,n,2.0NRT,298.56,6.59,D
23.67857,86.39642,332.5,0.52,0.42,2026-09-05,741,N21,VIIRS,n,2.0NRT,298.92,7.66,D
23.68237,86.39584,333.83,0.52,0.42,2026-09-05,741,N21,VIIRS,n,2.0NRT,298.26,8.94,D
23.68554,86.39025,330.44,0.52,0.42,2026-09-05,741,N21,VIIRS,n,2.0NRT,297.05,5.08,D
23.73679,86.4326,340.33,0.53,0.42,2026-09-05,741,N21,VIIRS,n,2.0NRT,296.6,9.67,D
23.75651,86.40362,330.47,0.52,0.42,2026-09-05,741,N21,VIIRS,n,2.0NRT,296.28,6.33,D
23.76031,86.40304,334.22,0.52,0.42,2026-09-05,741,N21,VIIRS,n,2.0NRT,296.61,6.5,D
23.76412,86.40247,339.26,0.52,0.42,2026-09-05,741,N21,VIIRS,n,2.0NRT,296.81,6.5,D
23.77806,86.38996,330.56,0.52,0.42,2026-09-05,741,N21,VIIRS,n,2.0NRT,296.61,7.18,D
23.77862,86.21019,337.05,0.51,0.41,2026-09-05,741,N21,VIIRS,n,2.0NRT,296.7,8.62,D
23.78238,86.20961,331.12,0.51,0.41,2026-09-05,741,N21,VIIRS,n,2.0NRT,295.78,4.32,D
24.16025,82.56627,335.71,0.39,0.36,2026-09-05,741,N21,VIIRS,n,2.0NRT,297.05,3.52,D
27.19736,68.5406,332.3,0.5,0.66,2026-09-05,744,N21,VIIRS,n,2.0NRT,296.21,2.85,D
29.78598,72.77218,340.26,0.49,0.49,2026-09-05,744,N21,VIIRS,n,2.0NRT,297.7,7.58,D
30.31288,70.03531,347.5,0.35,0.56,2026-09-05,744,N21,VIIRS,n,2.0NRT,301.74,4.29,D
30.81151,72.55773,331.32,0.48,0.48,2026-09-05,744,N21,VIIRS,n,2.0NRT,298.8,6.37,D
30.81249,72.55888,334.23,0.48,0.48,2026-09-05,744,N21,VIIRS,n,2.0NRT,298.28,6.85,D
31.37815,74.56349,332.02,0.55,0.43,2026-09-05,744,N21,VIIRS,n,2.0NRT,296.82,3.97,D
31.66948,72.3751,333.46,0.47,0.48,2026-09-05,744,N21,VIIRS,n,2.0NRT,296.86,3.55,D
33.41675,79.18602,344.83,0.38,0.36,2026-09-05,744,N21,VIIRS,n,2.0NRT,307.7,11.67,D
27.38026,95.33467,301.69,0.61,0.71,2026-09-05,1828,N21,VIIRS,n,2.0NRT,275.98,4.51,N
21.59217,96.22788,306.32,0.47,0.64,2026-09-05,1830,N21,VIIRS,n,2.0NRT,286.91,1.58,N
22.35504,96.70245,304.58,0.45,0.63,2026-09-05,1830,N21,VIIRS,n,2.0NRT,286.31,1.22,N
22.35589,96.70292,302.46,0.45,0.63,2026-09-05,1830,N21,VIIRS,n,2.0NRT,286.06,1.36,N
15.12482,94.77975,328.1,0.49,0.65,2026-09-05,1832,N21,VIIRS,n,2.0NRT,285.55,5.59,N
15.12755,94.78048,323.16,0.49,0.65,2026-09-05,1832,N21,VIIRS,n,2.0NRT,285.57,6,N
27.45998,95.47742,302.81,0.46,0.63,2026-09-05,2008,N21,VIIRS,n,2.0NRT,285.46,0.34,N
27.49386,86.55471,296.24,0.44,0.38,2026-09-05,2008,N21,VIIRS,n,2.0NRT,283.05,0.75,N
29.47612,76.85525,303.57,0.48,0.48,2026-09-05,2008,N21,VIIRS,n,2.0NRT,287.24,0.57,N
29.72195,72.06939,318.61,0.48,0.64,2026-09-05,2008,N21,VIIRS,n,2.0NRT,289.21,3.19,N
32.09121,74.14559,308.15,0.38,0.58,2026-09-05,2008,N21,VIIRS,n,2.0NRT,290.77,1.38,N
20.69557,78.63858,312.01,0.46,0.39,2026-09-05,2010,N21,VIIRS,n,2.0NRT,289.79,1.69,N
20.78375,85.26329,308.54,0.46,0.39,2026-09-05,2010,N21,VIIRS,n,2.0NRT,288.87,3.11,N
20.78809,85.25961,304.18,0.46,0.39,2026-09-05,2010,N21,VIIRS,n,2.0NRT,285.85,1.75,N
20.79319,85.25151,303.43,0.46,0.39,2026-09-05,2010,N21,VIIRS,n,2.0NRT,284.29,1.11,N
20.80549,85.25647,303.08,0.46,0.39,2026-09-05,2010,N21,VIIRS,n,2.0NRT,286.5,1.68,N
20.88697,84.98214,310.44,0.45,0.39,2026-09-05,2010,N21,VIIRS,n,2.0NRT,282.62,2.3,N
20.95448,85.01337,301.26,0.45,0.39,2026-09-05,2010,N21,VIIRS,n,2.0NRT,279.03,1.77,N
21.07742,85.0393,310.86,0.45,0.39,2026-09-05,2010,N21,VIIRS,n,2.0NRT,291.45,3.03,N
21.09986,72.63612,301.42,0.35,0.57,2026-09-05,2010,N21,VIIRS,n,2.0NRT,286.78,0.87,N
21.10406,72.64688,311.77,0.35,0.57,2026-09-05,2010,N21,VIIRS,n,2.0NRT,290.06,3.22,N
21.1044,72.64349,308.08,0.35,0.57,2026-09-05,2010,N21,VIIRS,n,2.0NRT,287.78,2.29,N
21.33678,78.96844,304.58,0.45,0.39,2026-09-05,2010,N21,VIIRS,n,2.0NRT,286.98,1,N
21.75567,84.02476,307.75,0.41,0.37,2026-09-05,2010,N21,VIIRS,n,2.0NRT,292.57,2.65,N
21.76371,84.01826,312.38,0.41,0.37,2026-09-05,2010,N21,VIIRS,n,2.0NRT,292.64,4.55,N
21.76709,84.0189,322.11,0.41,0.37,2026-09-05,2010,N21,VIIRS,n,2.0NRT,293.11,2.59,N
21.77047,84.01955,310.59,0.41,0.37,2026-09-05,2010,N21,VIIRS,n,2.0NRT,292.24,2.59,N
21.80179,83.8933,302.5,0.4,0.37,2026-09-05,2010,N21,VIIRS,n,2.0NRT,289.19,1.38,N
21.81763,83.99536,305.71,0.41,0.37,2026-09-05,2010,N21,VIIRS,n,2.0NRT,291.41,3.04,N
21.85717,83.96687,309.54,0.41,0.37,2026-09-05,2010,N21,VIIRS,n,2.0NRT,291.72,3.14,N
21.9213,83.34872,300.73,0.39,0.36,2026-09-05,2010,N21,VIIRS,n,2.0NRT,285.13,0.91,N
21.92353,85.22436,317.76,0.45,0.39,2026-09-05,2010,N21,VIIRS,n,2.0NRT,290.94,2.65,N
21.92794,83.34996,295.74,0.39,0.36,2026-09-05,2010,N21,VIIRS,n,2.0NRT,283.72,0.86,N
21.93132,85.22147,310.59,0.45,0.39,2026-09-05,2010,N21,VIIRS,n,2.0NRT,291.02,1.77,N
21.98956,85.32646,305.55,0.45,0.39,2026-09-05,2010,N21,VIIRS,n,2.0NRT,290.81,1.09,N
22.05061,88.12418,308.05,0.42,0.45,2026-09-05,2010,N21,VIIRS,n,2.0NRT,292.31,2.71,N
22.05307,85.4641,309.95,0.46,0.39,2026-09-05,2010,N21,VIIRS,n,2.0NRT,291.15,1.36,N
22.0547,88.12509,313.7,0.42,0.45,2026-09-05,2010,N21,VIIRS,n,2.0NRT,292.83,3.41,N
22.20611,84.85925,317.65,0.43,0.38,2026-09-05,2010,N21,VIIRS,n,2.0NRT,289.35,2.82,N
22.20814,84.86816,305.04,0.43,0.38,2026-09-05,2010,N21,VIIRS,n,2.0NRT,290.68,2.03,N
22.20885,84.86406,322.75,0.43,0.38,2026-09-05,2010,N21,VIIRS,n,2.0NRT,291.11,5.04,N
22.20956,84.85995,329.75,0.43,0.38,2026-09-05,2010,N21,VIIRS,n,2.0NRT,291.42,5.04,N
22.21017,84.8771,305.71,0.43,0.38,2026-09-05,2010,N21,VIIRS,n,2.0NRT,291.75,1.91,N
22.21312,84.83941,306.67,0.43,0.38,2026-09-05,2010,N21,VIIRS,n,2.0NRT,291.11,1.68,N
22.24511,87.3878,316.97,0.57,0.43,2026-09-05,2010,N21,VIIRS,n,2.0NRT,292.8,5.6,N
22.35643,87.29174,309.11,0.56,0.43,2026-09-05,2010,N21,VIIRS,n,2.0NRT,292.3,1.61,N
22.36023,87.01515,306.85,0.54,0.42,2026-09-05,2010,N21,VIIRS,n,2.0NRT,293.05,1.64,N
22.3632,87.29877,315.58,0.56,0.43,2026-09-05,2010,N21,VIIRS,n,2.0NRT,293.03,2.93,N
22.36405,87.01598,307.67,0.54,0.42,2026-09-05,2010,N21,VIIRS,n,2.0NRT,293.27,1.64,N
22.36707,87.29963,314.18,0.56,0.43,2026-09-05,2010,N21,VIIRS,n,2.0NRT,293.19,2.93,N
22.36787,87.01679,307.73,0.54,0.42,2026-09-05,2010,N21,VIIRS,n,2.0NRT,292.8,1.5,N
22.3749,87.27922,314.23,0.56,0.43,2026-09-05,2010,N21,VIIRS,n,2.0NRT,293.32,3.77,N
22.37877,87.28007,327.63,0.56,0.43,2026-09-05,2010,N21,VIIRS,n,2.0NRT,293.8,3.77,N
22.57382,85.89554,342.22,0.47,0.4,2026-09-05,2010,N21,VIIRS,n,2.0NRT,294.39,7.45,N
22.57463,85.89106,309.35,0.47,0.4,2026-09-05,2010,N21,VIIRS,n,2.0NRT,292.93,2.21,N
22.59097,85.90384,307.25,0.47,0.4,2026-09-05,2010,N21,VIIRS,n,2.0NRT,292.47,1.84,N
22.78233,86.20396,306.54,0.48,0.4,2026-09-05,2010,N21,VIIRS,n,2.0NRT,293.29,1.65,N
22.78679,86.20014,308.97,0.48,0.4,2026-09-05,2010,N21,VIIRS,n,2.0NRT,293.68,1.65,N
22.7896,86.20553,310.74,0.48,0.4,2026-09-05,2010,N21,VIIRS,n,2.0NRT,293.44,3.02,N
22.79125,86.19631,308.75,0.48,0.4,2026-09-05,2010,N21,VIIRS,n,2.0NRT,293.4,2.41,N
22.79769,86.20249,307.99,0.48,0.4,2026-09-05,2010,N21,VIIRS,n,2.0NRT,293.22,2.29,N
22.81455,86.08678,319.93,0.48,0.4,2026-09-05,2010,N21,VIIRS,n,2.0NRT,292.35,3.02,N
22.87173,86.06425,309.81,0.47,0.4,2026-09-05,2010,N21,VIIRS,n,2.0NRT,292.42,1.5,N
22.87283,88.21246,305.18,0.41,0.45,2026-09-05,2010,N21,VIIRS,n,2.0NRT,289.89,2.67,N
23.55145,86.54217,304.01,0.49,0.4,2026-09-05,2010,N21,VIIRS,n,2.0NRT,285.36,1.05,N
23.55911,87.23907,315.09,0.53,0.42,2026-09-05,2010,N21,VIIRS,n,2.0NRT,291.65,5.76,N
23.56006,87.23399,310.14,0.53,0.42,2026-09-05,2010,N21,VIIRS,n,2.0NRT,291.54,2.63,N
23.561,87.22893,310.94,0.53,0.42,2026-09-05,2010,N21,VIIRS,n,2.0NRT,291.43,2.63,N
23.56101,87.08167,312.78,0.52,0.41,2026-09-05,2010,N21,VIIRS,n,2.0NRT,292.49,4.73,N
23.66368,84.99961,304.65,0.42,0.38,2026-09-05,2010,N21,VIIRS,n,2.0NRT,290.89,0.9,N
23.66405,87.15904,305.22,0.52,0.42,2026-09-05,2010,N21,VIIRS,n,2.0NRT,271.82,1.2,N
23.66499,87.15402,303.51,0.52,0.42,2026-09-05,2010,N21,VIIRS,n,2.0NRT,274.19,1.2,N
23.6678,84.99622,304.81,0.42,0.38,2026-09-05,2010,N21,VIIRS,n,2.0NRT,290.35,0.75,N
23.67502,86.08669,313.97,0.46,0.39,2026-09-05,2010,N21,VIIRS,n,2.0NRT,291.53,2.56,N
23.67533,86.40147,321.76,0.48,0.4,2026-09-05,2010,N21,VIIRS,n,2.0NRT,294.59,3.81,N
23.67618,86.39684,314.98,0.48,0.4,2026-09-05,2010,N21,VIIRS,n,2.0NRT,293.67,3.81,N
23.67702,86.39223,309.54,0.48,0.4,2026-09-05,2010,N21,VIIRS,n,2.0NRT,291.7,2.6,N
23.67981,86.39758,312.26,0.48,0.4,2026-09-05,2010,N21,VIIRS,n,2.0NRT,293.12,4.02,N
23.68057,86.09719,326.49,0.46,0.39,2026-09-05,2010,N21,VIIRS,n,2.0NRT,291.32,6.99,N
23.68136,86.0927,329.91,0.46,0.39,2026-09-05,2010,N21,VIIRS,n,2.0NRT,291.39,8.96,N
23.68428,86.39372,330.86,0.48,0.4,2026-09-05,2010,N21,VIIRS,n,2.0NRT,294.16,3.98,N
23.68512,86.38915,307.59,0.48,0.4,2026-09-05,2010,N21,VIIRS,n,2.0NRT,291.83,3.98,N
23.68659,87.12218,311.02,0.52,0.41,2026-09-05,2010,N21,VIIRS,n,2.0NRT,288.57,5.3,N
23.69411,87.12382,314.47,0.52,0.41,2026-09-05,2010,N21,VIIRS,n,2.0NRT,289.23,4.7,N
23.69505,85.28721,305.53,0.43,0.38,2026-09-05,2010,N21,VIIRS,n,2.0NRT,289.69,1.94,N
23.69513,85.36953,317.14,0.43,0.38,2026-09-05,2010,N21,VIIRS,n,2.0NRT,288.69,2.54,N
23.69594,87.0929,308.84,0.52,0.41,2026-09-05,2010,N21,VIIRS,n,2.0NRT,287.72,2.14,N
23.69731,85.35693,301.44,0.43,0.38,2026-09-05,2010,N21,VIIRS,n,2.0NRT,284.32,0.98,N
23.69961,86.07338,323.47,0.46,0.39,2026-09-05,2010,N21,VIIRS,n,2.0NRT,285.72,4.46,N
23.70852,86.447,315.9,0.48,0.4,2026-09-05,2010,N21,VIIRS,n,2.0NRT,289.96,2.39,N
23.71131,86.4524,319.92,0.48,0.4,2026-09-05,2010,N21,VIIRS,n,2.0NRT,290.31,3.36,N
23.71215,86.44777,312.63,0.48,0.4,2026-09-05,2010,N21,VIIRS,n,2.0NRT,289.7,2.39,N
23.71271,86.42383,309.43,0.48,0.4,2026-09-05,2010,N21,VIIRS,n,2.0NRT,291.78,3.71,N
23.71806,85.00999,307.03,0.42,0.38,2026-09-05,2010,N21,VIIRS,n,2.0NRT,287.2,0.49,N
23.73718,85.02235,302.78,0.42,0.38,2026-09-05,2010,N21,VIIRS,n,2.0NRT,286.36,0.7,N
23.73728,86.43386,331.03,0.48,0.4,2026-09-05,2010,N21,VIIRS,n,2.0NRT,286.7,6.3,N
23.73929,85.01005,312.86,0.42,0.38,2026-09-05,2010,N21,VIIRS,n,2.0NRT,289.07,2.29,N
23.74508,85.50452,300.71,0.44,0.38,2026-09-05,2010,N21,VIIRS,n,2.0NRT,282.52,0.54,N
23.75274,85.85497,307.17,0.45,0.39,2026-09-05,2010,N21,VIIRS,n,2.0NRT,289.72,1.31,N
23.75628,85.85568,308.78,0.45,0.39,2026-09-05,2010,N21,VIIRS,n,2.0NRT,290.23,2.67,N
23.75704,85.85133,309.4,0.45,0.39,2026-09-05,2010,N21,VIIRS,n,2.0NRT,289.26,1.52,N
23.75759,86.4045,310.67,0.48,0.4,2026-09-05,2010,N21,VIIRS,n,2.0NRT,279.56,2.42,N
23.75841,86.3999,304.9,0.48,0.4,2026-09-05,2010,N21,VIIRS,n,2.0NRT,277.02,2.01,N
23.76121,86.40527,312.45,0.48,0.4,2026-09-05,2010,N21,VIIRS,n,2.0NRT,277.56,1.75,N
23.76203,86.40067,313.64,0.48,0.4,2026-09-05,2010,N21,VIIRS,n,2.0NRT,275.82,2.1,N
23.76483,86.40603,309.74,0.48,0.4,2026-09-05,2010,N21,VIIRS,n,2.0NRT,276,1.75,N
23.76565,86.40144,301.05,0.48,0.4,2026-09-05,2010,N21,VIIRS,n,2.0NRT,273.73,2.1,N
23.76927,86.40222,300.53,0.48,0.4,2026-09-05,2010,N21,VIIRS,n,2.0NRT,273.14,1.09,N
23.77187,86.19864,303.1,0.47,0.4,2026-09-05,2010,N21,VIIRS,n,2.0NRT,277.17,0.92,N
23.77222,86.36455,308.15,0.48,0.4,2026-09-05,2010,N21,VIIRS,n,2.0NRT,274.3,2.31,N
23.77267,86.19411,301.46,0.47,0.4,2026-09-05,2010,N21,VIIRS,n,2.0NRT,277.59,1.01,N
23.77583,86.36533,301.3,0.48,0.4,2026-09-05,2010,N21,VIIRS,n,2.0NRT,274.57,1.55,N
23.77627,86.38731,300.34,0.48,0.4,2026-09-05,2010,N21,VIIRS,n,2.0NRT,272.44,1.46,N
23.77744,86.20918,311.4,0.47,0.4,2026-09-05,2010,N21,VIIRS,n,2.0NRT,284.65,3.25,N
23.77898,86.38986,309.4,0.48,0.4,2026-09-05,2010,N21,VIIRS,n,2.0NRT,274.82,2.73,N
23.77909,86.34697,302.54,0.48,0.4,2026-09-05,2010,N21,VIIRS,n,2.0NRT,271.37,1.53,N
23.77989,86.38808,304.38,0.48,0.4,2026-09-05,2010,N21,VIIRS,n,2.0NRT,273.5,1.46,N
23.77997,85.57357,300.83,0.44,0.38,2026-09-05,2010,N21,VIIRS,n,2.0NRT,280.76,1.04,N
23.78103,86.2099,326.33,0.47,0.4,2026-09-05,2010,N21,VIIRS,n,2.0NRT,284.23,4.33,N
23.78718,85.55292,309.71,0.44,0.38,2026-09-05,2010,N21,VIIRS,n,2.0NRT,276.13,1.22,N
23.80162,86.33073,312.04,0.47,0.4,2026-09-05,2010,N21,VIIRS,n,2.0NRT,270.26,2.3,N
23.80522,86.3315,305.43,0.47,0.4,2026-09-05,2010,N21,VIIRS,n,2.0NRT,269.68,2.3,N
23.82782,84.57143,309.52,0.41,0.37,2026-09-05,2010,N21,VIIRS,n,2.0NRT,289.38,2.2,N
24.13681,82.726,310.82,0.38,0.36,2026-09-05,2010,N21,VIIRS,n,2.0NRT,289.68,1.21,N
24.14729,82.65858,302.08,0.38,0.36,2026-09-05,2010,N21,VIIRS,n,2.0NRT,287.02,0.78,N
24.20427,82.71069,306.37,0.38,0.36,2026-09-05,2010,N21,VIIRS,n,2.0NRT,283.66,2.18,N
25.39008,68.57923,311.22,0.72,0.76,2026-09-05,2010,N21,VIIRS,n,2.0NRT,292.34,1.85,N
25.39075,68.58009,312.25,0.72,0.75,2026-09-05,2010,N21,VIIRS,n,2.0NRT,292.53,2.81,N
13.37448,78.87302,304.49,0.4,0.37,2026-09-05,2012,N21,VIIRS,n,2.0NRT,292.03,0.63,N
13.70996,79.61896,311.56,0.39,0.36,2026-09-05,2012,N21,VIIRS,n,2.0NRT,295.77,1.22,N
14.14932,77.59215,330.34,0.44,0.38,2026-09-05,2012,N21,VIIRS,n,2.0NRT,294.88,4.01,N
14.60506,78.52165,312.98,0.41,0.37,2026-09-05,2012,N21,VIIRS,n,2.0NRT,296.64,1.12,N
15.02176,78.01606,318.16,0.43,0.38,2026-09-05,2012,N21,VIIRS,n,2.0NRT,296.52,1.73,N
15.02234,78.01205,308.61,0.43,0.38,2026-09-05,2012,N21,VIIRS,n,2.0NRT,294.74,1.24,N
15.16609,76.37775,303.82,0.52,0.41,2026-09-05,2012,N21,VIIRS,n,2.0NRT,290.84,1.2,N
15.16922,76.38309,304.51,0.52,0.41,2026-09-05,2012,N21,VIIRS,n,2.0NRT,291.05,1.93,N
15.16989,76.37828,304.37,0.52,0.41,2026-09-05,2012,N21,VIIRS,n,2.0NRT,290.96,1.64,N
15.17172,76.69458,305.11,0.5,0.41,2026-09-05,2012,N21,VIIRS,n,2.0NRT,291.7,1.26,N
15.17192,76.66631,305.74,0.5,0.41,2026-09-05,2012,N21,VIIRS,n,2.0NRT,292.11,1.81,N
15.17237,76.68996,308.78,0.5,0.41,2026-09-05,2012,N21,VIIRS,n,2.0NRT,291.93,1.26,N
15.17375,76.6927,315.48,0.5,0.41,2026-09-05,2012,N21,VIIRS,n,2.0NRT,292.3,2.55,N
15.17379,77.10085,306.8,0.48,0.4,2026-09-05,2012,N21,VIIRS,n,2.0NRT,292.81,1.56,N
15.17387,76.65245,314.05,0.5,0.41,2026-09-05,2012,N21,VIIRS,n,2.0NRT,291.55,2.61,N
15.17434,76.67606,305.63,0.5,0.41,2026-09-05,2012,N21,VIIRS,n,2.0NRT,291.88,1.45,N
15.17502,76.65514,324.56,0.5,0.41,2026-09-05,2012,N21,VIIRS,n,2.0NRT,293.97,4.05,N
15.17563,76.67879,309.68,0.5,0.41,2026-09-05,2012,N21,VIIRS,n,2.0NRT,292.9,2.87,N
15.17626,76.67416,313.32,0.5,0.41,2026-09-05,2012,N21,VIIRS,n,2.0NRT,292.76,2.82,N
15.17696,76.65759,313.08,0.5,0.41,2026-09-05,2012,N21,VIIRS,n,2.0NRT,293.37,2.12,N
15.17761,76.65297,309.37,0.5,0.41,2026-09-05,2012,N21,VIIRS,n,2.0NRT,292.93,2.12,N
15.17808,76.67657,316.25,0.5,0.41,2026-09-05,2012,N21,VIIRS,n,2.0NRT,293.07,1.45,N
15.17873,76.67195,308.45,0.5,0.41,2026-09-05,2012,N21,VIIRS,n,2.0NRT,292.18,1.45,N
15.17876,76.65566,309.99,0.5,0.41,2026-09-05,2012,N21,VIIRS,n,2.0NRT,292.85,1.62,N
15.17999,76.67468,310.65,0.5,0.41,2026-09-05,2012,N21,VIIRS,n,2.0NRT,292.94,2.82,N
15.18124,76.66544,330.93,0.5,0.41,2026-09-05,2012,N21,VIIRS,n,2.0NRT,293.11,5.22,N
15.18312,76.65155,307.36,0.5,0.41,2026-09-05,2012,N21,VIIRS,n,2.0NRT,292.72,1.62,N
15.18623,76.65672,307.98,0.5,0.41,2026-09-05,2012,N21,VIIRS,n,2.0NRT,293.31,2.33,N
15.22446,76.76551,307.97,0.49,0.41,2026-09-05,2012,N21,VIIRS,n,2.0NRT,292.36,1.37,N
15.2251,76.76094,308.24,0.49,0.41,2026-09-05,2012,N21,VIIRS,n,2.0NRT,292.19,1.37,N
15.33241,76.28778,304.18,0.53,0.42,2026-09-05,2012,N21,VIIRS,n,2.0NRT,291.44,1.25,N
15.33358,76.28581,307.91,0.53,0.42,2026-09-05,2012,N21,VIIRS,n,2.0NRT,291.42,1.29,N
15.65958,73.99016,306.89,0.49,0.49,2026-09-05,2012,N21,VIIRS,n,2.0NRT,291.5,1.05,N
17.06219,76.97944,307.89,0.51,0.41,2026-09-05,2012,N21,VIIRS,n,2.0NRT,292.18,1.92,N
17.08061,79.32659,310.3,0.41,0.37,2026-09-05,2012,N21,VIIRS,n,2.0NRT,275.83,1.28,N
17.08116,79.32281,308.76,0.41,0.37,2026-09-05,2012,N21,VIIRS,n,2.0NRT,276.7,1.28,N
17.13967,77.17435,310.04,0.49,0.41,2026-09-05,2012,N21,VIIRS,n,2.0NRT,293.07,4.25,N
17.14211,77.18413,309.55,0.49,0.41,2026-09-05,2012,N21,VIIRS,n,2.0NRT,292.69,3.88,N
17.4632,80.65212,310.59,0.39,0.36,2026-09-05,2012,N21,VIIRS,n,2.0NRT,289.62,1.14,N
17.60359,83.20309,311.08,0.41,0.37,2026-09-05,2012,N21,VIIRS,n,2.0NRT,294.39,1.1,N
17.60699,83.20371,310.74,0.41,0.37,2026-09-05,2012,N21,VIIRS,n,2.0NRT,294.66,1.1,N
17.6104,83.20434,330.16,0.41,0.37,2026-09-05,2012,N21,VIIRS,n,2.0NRT,295.47,3.91,N
17.62253,83.19462,310.5,0.41,0.37,2026-09-05,2012,N21,VIIRS,n,2.0NRT,294.19,1.23,N
17.69201,83.24284,315.25,0.42,0.37,2026-09-05,2012,N21,VIIRS,n,2.0NRT,293.91,2.79,N
18.72084,79.53776,312.1,0.41,0.37,2026-09-05,2012,N21,VIIRS,n,2.0NRT,292.04,2.03,N
6.30928,80.96051,303.95,0.43,0.38,2026-09-05,2014,N21,VIIRS,n,2.0NRT,271.22,1.34,N
7.69845,80.4473,307.03,0.4,0.37,2026-09-05,2014,N21,VIIRS,n,2.0NRT,288,1.1,N
7.69903,80.44368,305.56,0.4,0.37,2026-09-05,2014,N21,VIIRS,n,2.0NRT,288.37,1.1,N
8.11788,80.81081,304.52,0.41,0.37,2026-09-05,2014,N21,VIIRS,n,2.0NRT,277.79,1.64,N
8.12039,80.55531,299.18,0.4,0.37,2026-09-05,2014,N21,VIIRS,n,2.0NRT,265.38,0.54,N
8.38256,80.80727,307.45,0.41,0.37,2026-09-05,2014,N21,VIIRS,n,2.0NRT,290.44,1.41,N
8.67761,77.63989,315.85,0.4,0.37,2026-09-05,2014,N21,VIIRS,n,2.0NRT,287.39,2.61,N
8.70224,78.05685,307.38,0.39,0.36,2026-09-05,2014,N21,VIIRS,n,2.0NRT,285.29,1.29,N
11.94986,76.94534,307.4,0.45,0.39,2026-09-05,2014,N21,VIIRS,n,2.0NRT,289.7,1.03,N
12.62565,79.78779,314.52,0.38,0.36,2026-09-05,2014,N21,VIIRS,n,2.0NRT,290.27,2,N
12.80543,77.43291,306.42,0.44,0.38,2026-09-05,2014,N21,VIIRS,n,2.0NRT,290.17,0.66,N
12.95159,79.9017,308.28,0.38,0.36,2026-09-05,2014,N21,VIIRS,n,2.0NRT,292.92,0.77,N
13.01668,77.74179,303.01,0.43,0.38,2026-09-05,2014,N21,VIIRS,n,2.0NRT,290.02,0.5,N
13.4158,75.98129,309.57,0.52,0.41,2026-09-05,2014,N21,VIIRS,n,2.0NRT,291.52,1.67,N
33.29659,71.18657,304.36,0.38,0.59,2026-09-05,2148,N21,VIIRS,n,2.0NRT,287.69,0.68,N
33.80205,72.09871,301.51,0.42,0.61,2026-09-05,2148,N21,VIIRS,n,2.0NRT,288.03,1,N
25.38878,68.58372,320.61,0.41,0.61,2026-09-05,2150,N21,VIIRS,n,2.0NRT,294.03,2.04,N
28.42337,69.70081,309.17,0.41,0.61,2026-09-05,2150,N21,VIIRS,n,2.0NRT,294.32,1.66,N
27.87482,96.91916,325.16,0.62,0.71,2026-09-06,544,N21,VIIRS,n,2.0NRT,288.27,9.28,D
6.13999,81.04825,333.88,0.41,0.61,2026-09-06,718,N21,VIIRS,n,2.0NRT,295.22,6.32,D
6.20039,81.16876,335.24,0.4,0.6,2026-09-06,718,N21,VIIRS,n,2.0NRT,296.39,3.8,D
6.20132,81.16903,333.27,0.4,0.6,2026-09-06,718,N21,VIIRS,n,2.0NRT,296.47,3.69,D
6.2606,80.85835,351.16,0.42,0.61,2026-09-06,718,N21,VIIRS,n,2.0NRT,293.8,5.93,D
6.26479,80.856,351.46,0.42,0.61,2026-09-06,718,N21,VIIRS,n,2.0NRT,296.69,13.31,D
6.26617,80.85738,339.29,0.42,0.61,2026-09-06,718,N21,VIIRS,n,2.0NRT,296.69,5.93,D
6.34067,81.12275,338.15,0.4,0.6,2026-09-06,718,N21,VIIRS,n,2.0NRT,297.11,7.03,D
6.3413,81.12635,346.24,0.4,0.6,2026-09-06,718,N21,VIIRS,n,2.0NRT,297.66,7.03,D
6.34997,81.34798,335.99,0.39,0.59,2026-09-06,718,N21,VIIRS,n,2.0NRT,287.72,4.88,D
6.37201,80.78787,331.81,0.43,0.62,2026-09-06,718,N21,VIIRS,n,2.0NRT,294.16,4.16,D
6.38048,81.02711,347.96,0.41,0.61,2026-09-06,718,N21,VIIRS,n,2.0NRT,294.27,22.19,D
6.3811,81.03073,367,0.41,0.61,2026-09-06,718,N21,VIIRS,h,2.0NRT,295.37,22.19,D
6.38111,81.0295,367,0.41,0.61,2026-09-06,718,N21,VIIRS,h,2.0NRT,296.6,41.73,D
6.42158,81.25405,332.79,0.39,0.6,2026-09-06,718,N21,VIIRS,n,2.0NRT,293.38,2.57,D
6.45108,81.04076,367,0.41,0.61,2026-09-06,718,N21,VIIRS,h,2.0NRT,294.56,12.17,D
6.51894,80.90942,332.71,0.42,0.61,2026-09-06,718,N21,VIIRS,n,2.0NRT,294.65,4.16,D
6.60755,80.89721,341.27,0.42,0.61,2026-09-06,718,N21,VIIRS,n,2.0NRT,297.69,6.91,D
6.71105,81.29081,330.7,0.39,0.59,2026-09-06,718,N21,VIIRS,n,2.0NRT,297.83,3.72,D
6.71646,81.32162,333.26,0.39,0.59,2026-09-06,718,N21,VIIRS,n,2.0NRT,297.49,4.97,D
6.73372,81.19785,347.71,0.39,0.6,2026-09-06,718,N21,VIIRS,n,2.0NRT,294.3,5.66,D
6.75515,81.35358,331.3,0.38,0.59,2026-09-06,718,N21,VIIRS,n,2.0NRT,297.04,2.37,D
6.77872,81.42638,340.23,0.38,0.59,2026-09-06,718,N21,VIIRS,n,2.0NRT,297.23,3.23,D
6.78527,81.52767,331.77,0.37,0.58,2026-09-06,718,N21,VIIRS,n,2.0NRT,299.12,2.76,D
6.80248,81.47531,330.66,0.38,0.58,2026-09-06,718,N21,VIIRS,n,2.0NRT,297.58,2.26,D
6.80699,81.5274,347.78,0.37,0.58,2026-09-06,718,N21,VIIRS,n,2.0NRT,298.34,5.73,D
6.81131,81.58534,344.7,0.37,0.58,2026-09-06,718,N21,VIIRS,n,2.0NRT,299.2,3.01,D
6.81132,81.5843,334.12,0.37,0.58,2026-09-06,718,N21,VIIRS,n,2.0NRT,298.21,4.7,D
6.81905,81.4146,331.4,0.38,0.59,2026-09-06,718,N21,VIIRS,n,2.0NRT,296.89,3.09,D
6.83906,81.46586,367,0.38,0.58,2026-09-06,718,N21,VIIRS,h,2.0NRT,300.21,11.57,D
6.88043,81.67033,367,0.36,0.58,2026-09-06,718,N21,VIIRS,h,2.0NRT,300.39,19.05,D
6.88099,81.67355,367,0.36,0.58,2026-09-06,718,N21,VIIRS,h,2.0NRT,301,19.05,D
6.89384,81.41226,333.36,0.38,0.59,2026-09-06,718,N21,VIIRS,n,2.0NRT,293.64,2.39,D
6.89532,81.41201,334.11,0.38,0.59,2026-09-06,718,N21,VIIRS,n,2.0NRT,293.92,3,D
6.91043,81.4743,337.73,0.37,0.58,2026-09-06,718,N21,VIIRS,n,2.0NRT,295.74,4.41,D
6.91146,81.47424,334.19,0.37,0.58,2026-09-06,718,N21,VIIRS,n,2.0NRT,296.17,4.23,D
6.91203,81.47757,331.16,0.37,0.58,2026-09-06,718,N21,VIIRS,n,2.0NRT,296.14,3.7,D
6.94837,81.41089,341.84,0.38,0.59,2026-09-06,718,N21,VIIRS,n,2.0NRT,291.99,4,D
6.9616,81.82992,336.04,0.35,0.57,2026-09-06,718,N21,VIIRS,n,2.0NRT,299.08,3.39,D
6.96544,81.56973,331.37,0.37,0.58,2026-09-06,718,N21,VIIRS,n,2.0NRT,296.44,2.55,D
6.96602,81.57301,330.79,0.37,0.58,2026-09-06,718,N21,VIIRS,n,2.0NRT,297.47,2.55,D
6.98108,81.59716,330.52,0.37,0.58,2026-09-06,718,N21,VIIRS,n,2.0NRT,297.51,3.16,D
6.98463,81.58661,344.35,0.37,0.58,2026-09-06,718,N21,VIIRS,n,2.0NRT,297.34,7.12,D
7.13712,81.77805,332.86,0.35,0.57,2026-09-06,718,N21,VIIRS,n,2.0NRT,297.81,3.41,D
7.13942,81.07836,346.53,0.4,0.6,2026-09-06,718,N21,VIIRS,n,2.0NRT,293.58,9.71,D
7.27871,81.71591,330.25,0.35,0.57,2026-09-06,720,N21,VIIRS,n,2.0NRT,296.21,1.65,D
7.28894,81.74327,332.78,0.35,0.57,2026-09-06,720,N21,VIIRS,n,2.0NRT,297.54,2.1,D
7.30356,81.79538,330.05,0.35,0.57,2026-09-06,720,N21,VIIRS,n,2.0NRT,296.17,2.26,D
7.30816,81.79142,336,0.35,0.57,2026-09-06,720,N21,VIIRS,n,2.0NRT,296.18,3.77,D
7.30871,81.79452,339.75,0.35,0.57,2026-09-06,720,N21,VIIRS,n,2.0NRT,295.93,3.65,D
7.3258,81.80125,343.89,0.35,0.57,2026-09-06,720,N21,VIIRS,n,2.0NRT,297.44,3.43,D
7.33059,79.98771,333.04,0.47,0.64,2026-09-06,720,N21,VIIRS,n,2.0NRT,291.71,5.64,D
7.33437,81.72919,336.18,0.35,0.57,2026-09-06,720,N21,VIIRS,n,2.0NRT,296.55,3.16,D
7.38412,81.78901,336.91,0.35,0.57,2026-09-06,720,N21,VIIRS,n,2.0NRT,295.45,7.62,D
7.38701,81.78769,353.81,0.35,0.57,2026-09-06,720,N21,VIIRS,n,2.0NRT,295.58,6.41,D
7.3979,81.65795,334.09,0.36,0.57,2026-09-06,720,N21,VIIRS,n,2.0NRT,293.96,2.42,D
7.4122,81.67829,330.12,0.35,0.57,2026-09-06,720,N21,VIIRS,n,2.0NRT,293.89,3.08,D
7.42608,81.66621,367,0.36,0.57,2026-09-06,720,N21,VIIRS,h,2.0NRT,296.09,13.61,D
7.50104,81.74751,332.1,0.35,0.57,2026-09-06,720,N21,VIIRS,n,2.0NRT,294.21,4.6,D
7.62587,80.83673,345.04,0.4,0.6,2026-09-06,720,N21,VIIRS,n,2.0NRT,295.8,7.39,D
7.70656,81.5966,346.17,0.36,0.57,2026-09-06,720,N21,VIIRS,n,2.0NRT,295.7,5.03,D
7.71267,80.71763,336.98,0.41,0.61,2026-09-06,720,N21,VIIRS,n,2.0NRT,292.19,2.52,D
7.77094,80.0999,332.59,0.45,0.63,2026-09-06,720,N21,VIIRS,n,2.0NRT,292.06,7.01,D
7.84237,80.23505,332.42,0.44,0.62,2026-09-06,720,N21,VIIRS,n,2.0NRT,291.97,4.36,D
7.87399,80.89081,334.55,0.4,0.6,2026-09-06,720,N21,VIIRS,n,2.0NRT,293.74,3.75,D
7.93987,80.68458,340.47,0.41,0.6,2026-09-06,720,N21,VIIRS,n,2.0NRT,291.25,7.64,D
7.95078,80.12637,332.7,0.44,0.63,2026-09-06,720,N21,VIIRS,n,2.0NRT,292.95,3.13,D
7.9611,80.1642,330.71,0.44,0.63,2026-09-06,720,N21,VIIRS,n,2.0NRT,291.21,9.82,D
7.96385,80.16504,353.18,0.44,0.62,2026-09-06,720,N21,VIIRS,n,2.0NRT,292.08,9.14,D
7.96503,80.01275,330.19,0.45,0.63,2026-09-06,720,N21,VIIRS,n,2.0NRT,290.92,6.79,D
7.99323,80.27926,344.62,0.43,0.62,2026-09-06,720,N21,VIIRS,n,2.0NRT,293.04,8.5,D
7.99665,80.21604,354.86,0.44,0.62,2026-09-06,720,N21,VIIRS,n,2.0NRT,290.78,14.2,D
7.99679,80.27979,341.19,0.43,0.62,2026-09-06,720,N21,VIIRS,n,2.0NRT,289.58,4.63,D
8.01386,81.25735,330.66,0.37,0.58,2026-09-06,720,N21,VIIRS,n,2.0NRT,295.78,4.11,D
8.02004,80.31163,330.28,0.43,0.62,2026-09-06,720,N21,VIIRS,n,2.0NRT,289.97,5.14,D
8.03601,80.61691,335.39,0.41,0.61,2026-09-06,720,N21,VIIRS,n,2.0NRT,289.62,4.62,D
8.03638,80.61749,342.81,0.41,0.61,2026-09-06,720,N21,VIIRS,n,2.0NRT,289.61,3.13,D
8.0389,80.3515,349.41,0.43,0.62,2026-09-06,720,N21,VIIRS,n,2.0NRT,290.15,9.39,D
8.04178,80.64662,330.47,0.41,0.6,2026-09-06,720,N21,VIIRS,n,2.0NRT,291.49,3.01,D
8.06931,80.23161,335.04,0.44,0.62,2026-09-06,720,N21,VIIRS,n,2.0NRT,288.07,5.34,D
8.07245,80.22962,335.56,0.44,0.62,2026-09-06,720,N21,VIIRS,n,2.0NRT,288.64,4.66,D
8.09861,80.55402,343.5,0.41,0.61,2026-09-06,720,N21,VIIRS,n,2.0NRT,292.18,10.32,D
8.1549,81.41106,330.14,0.36,0.57,2026-09-06,720,N21,VIIRS,n,2.0NRT,292.83,3.03,D
8.17463,80.5954,367,0.41,0.61,2026-09-06,720,N21,VIIRS,h,2.0NRT,292.29,18.08,D
8.21838,80.77317,331,0.4,0.6,2026-09-06,720,N21,VIIRS,n,2.0NRT,289.9,5.06,D
8.22733,80.605,331.76,0.41,0.6,2026-09-06,720,N21,VIIRS,n,2.0NRT,294.58,9.38,D
8.22987,80.77476,340.29,0.4,0.6,2026-09-06,720,N21,VIIRS,n,2.0NRT,292.22,7.29,D
8.24302,80.53432,330.47,0.41,0.61,2026-09-06,720,N21,VIIRS,n,2.0NRT,289.93,3,D
8.25499,80.25665,343.4,0.43,0.62,2026-09-06,720,N21,VIIRS,n,2.0NRT,293.89,10.8,D
8.2606,80.25567,349.96,0.43,0.62,2026-09-06,720,N21,VIIRS,n,2.0NRT,292.22,10.8,D
8.28515,80.98885,332.07,0.38,0.59,2026-09-06,720,N21,VIIRS,n,2.0NRT,292.89,5.99,D
8.30048,80.79481,334.35,0.39,0.6,2026-09-06,720,N21,VIIRS,n,2.0NRT,293.53,8.18,D
8.30274,80.79626,343.23,0.39,0.6,2026-09-06,720,N21,VIIRS,n,2.0NRT,293.16,10.11,D
8.30296,80.80885,367,0.39,0.6,2026-09-06,720,N21,VIIRS,h,2.0NRT,294.13,11.53,D
8.30469,80.80684,367,0.39,0.6,2026-09-06,720,N21,VIIRS,h,2.0NRT,295.08,15.36,D
8.31421,80.17928,330.06,0.43,0.62,2026-09-06,720,N21,VIIRS,n,2.0NRT,291.8,5,D
8.31937,80.3007,338.03,0.43,0.62,2026-09-06,720,N21,VIIRS,n,2.0NRT,291.51,7.38,D
8.32054,80.30001,342.88,0.43,0.62,2026-09-06,720,N21,VIIRS,n,2.0NRT,291.87,6.07,D
8.36094,80.77875,343.56,0.39,0.6,2026-09-06,720,N21,VIIRS,n,2.0NRT,293.89,4.98,D
8.36823,80.78828,330.98,0.39,0.6,2026-09-06,720,N21,VIIRS,n,2.0NRT,292.03,3.54,D
8.39976,80.67367,338.29,0.4,0.6,2026-09-06,720,N21,VIIRS,n,2.0NRT,293.79,4.77,D
8.40109,80.43324,337.34,0.42,0.61,2026-09-06,720,N21,VIIRS,n,2.0NRT,292.84,7.74,D
8.40215,80.72793,331.46,0.4,0.6,2026-09-06,720,N21,VIIRS,n,2.0NRT,295.02,8.26,D
8.40454,80.66913,338.29,0.4,0.6,2026-09-06,720,N21,VIIRS,n,2.0NRT,293.34,11.31,D
8.4052,80.67271,367,0.4,0.6,2026-09-06,720,N21,VIIRS,h,2.0NRT,293.99,20.19,D
8.42046,80.63319,334.48,0.4,0.6,2026-09-06,720,N21,VIIRS,n,2.0NRT,292.02,5.29,D
8.42983,80.65374,330.33,0.4,0.6,2026-09-06,720,N21,VIIRS,n,2.0NRT,293.35,4.75,D
8.44197,80.31695,367,0.42,0.61,2026-09-06,720,N21,VIIRS,h,2.0NRT,293.21,14.84,D
8.47246,80.60928,367,0.4,0.6,2026-09-06,720,N21,VIIRS,h,2.0NRT,290.5,13.47,D
8.48377,80.7354,342.97,0.4,0.6,2026-09-06,720,N21,VIIRS,n,2.0NRT,293.84,8.85,D
8.49623,80.73165,333.61,0.4,0.6,2026-09-06,720,N21,VIIRS,n,2.0NRT,293.23,6.87,D
8.50005,80.7328,332.18,0.4,0.6,2026-09-06,720,N21,VIIRS,n,2.0NRT,292.95,5.63,D
8.50305,80.21844,334.87,0.43,0.62,2026-09-06,720,N21,VIIRS,n,2.0NRT,292,13.15,D
8.50377,80.22226,367,0.43,0.62,2026-09-06,720,N21,VIIRS,h,2.0NRT,292.79,13.15,D
8.50486,80.21972,367,0.43,0.62,2026-09-06,720,N21,VIIRS,h,2.0NRT,292.63,12.4,D
8.50555,80.22356,367,0.43,0.62,2026-09-06,720,N21,VIIRS,h,2.0NRT,292.89,12.4,D
8.51684,80.59992,349.7,0.4,0.6,2026-09-06,720,N21,VIIRS,n,2.0NRT,285.91,7.3,D
8.51852,80.23936,336.6,0.43,0.62,2026-09-06,720,N21,VIIRS,n,2.0NRT,291.83,4.18,D
8.52117,80.80617,335.46,0.39,0.59,2026-09-06,720,N21,VIIRS,n,2.0NRT,291.48,3.71,D
8.56027,80.74605,338.78,0.39,0.6,2026-09-06,720,N21,VIIRS,n,2.0NRT,292.03,7.99,D
8.58104,80.63495,331.2,0.4,0.6,2026-09-06,720,N21,VIIRS,n,2.0NRT,285.51,4.77,D
8.58128,80.83142,350.04,0.39,0.59,2026-09-06,720,N21,VIIRS,n,2.0NRT,291.14,7.14,D
8.59793,80.51321,334.42,0.41,0.6,2026-09-06,720,N21,VIIRS,n,2.0NRT,292.58,5.95,D
8.60402,80.83466,350.04,0.39,0.59,2026-09-06,720,N21,VIIRS,n,2.0NRT,293.27,10.79,D
8.61992,80.69353,335.94,0.4,0.6,2026-09-06,720,N21,VIIRS,n,2.0NRT,283.25,3.98,D
8.64632,80.62362,335.58,0.4,0.6,2026-09-06,720,N21,VIIRS,n,2.0NRT,290.09,5.54,D
8.6569,80.49527,345,0.41,0.6,2026-09-06,720,N21,VIIRS,n,2.0NRT,290.39,8.82,D
8.6582,80.50248,367,0.41,0.6,2026-09-06,720,N21,VIIRS,h,2.0NRT,291.04,12.67,D
8.65885,80.50611,330.59,0.41,0.6,2026-09-06,720,N21,VIIRS,n,2.0NRT,288.47,8.34,D
8.71491,80.53058,352.79,0.4,0.6,2026-09-06,720,N21,VIIRS,n,2.0NRT,292.75,10.12,D
8.74539,80.20245,333.89,0.43,0.62,2026-09-06,720,N21,VIIRS,n,2.0NRT,290.37,6.95,D
8.7461,80.20624,339.04,0.43,0.62,2026-09-06,720,N21,VIIRS,n,2.0NRT,291.76,9.98,D
8.749,80.532,343,0.4,0.6,2026-09-06,720,N21,VIIRS,n,2.0NRT,293.02,14.43,D
8.74966,80.53562,344.77,0.4,0.6,2026-09-06,720,N21,VIIRS,n,2.0NRT,292.98,7.6,D
8.75512,80.53464,332.54,0.4,0.6,2026-09-06,720,N21,VIIRS,n,2.0NRT,293.1,7.6,D
8.77759,80.53429,331.58,0.4,0.6,2026-09-06,720,N21,VIIRS,n,2.0NRT,292.23,6.3,D
8.79782,80.55302,348.62,0.4,0.6,2026-09-06,720,N21,VIIRS,n,2.0NRT,292.38,4.9,D
8.80965,80.57843,331.78,0.4,0.6,2026-09-06,720,N21,VIIRS,n,2.0NRT,294.34,6.62,D
8.81484,80.48472,330.84,0.41,0.6,2026-09-06,720,N21,VIIRS,n,2.0NRT,292.52,5.35,D
8.87522,80.72227,337.42,0.39,0.59,2026-09-06,720,N21,VIIRS,n,2.0NRT,290.26,4.28,D
8.91877,80.43142,346.19,0.41,0.6,2026-09-06,720,N21,VIIRS,n,2.0NRT,291.36,7.5,D
8.92696,80.8857,340.01,0.38,0.59,2026-09-06,720,N21,VIIRS,n,2.0NRT,287.4,7.56,D
8.93288,80.76529,333.95,0.39,0.59,2026-09-06,720,N21,VIIRS,n,2.0NRT,288.73,3.04,D
9.00035,80.66301,340.28,0.39,0.59,2026-09-06,720,N21,VIIRS,n,2.0NRT,279.16,6.38,D
9.06089,77.65742,330.2,0.63,0.72,2026-09-06,720,N21,VIIRS,n,2.0NRT,289.16,6.47,D
9.07009,80.51222,332.68,0.4,0.6,2026-09-06,720,N21,VIIRS,n,2.0NRT,290.14,3.66,D
9.2094,80.80424,352.76,0.38,0.59,2026-09-06,720,N21,VIIRS,n,2.0NRT,292.71,7.03,D
9.23457,80.66959,348.94,0.39,0.59,2026-09-06,720,N21,VIIRS,n,2.0NRT,292.19,8.1,D
9.35343,80.28749,331.28,0.41,0.61,2026-09-06,720,N21,VIIRS,n,2.0NRT,288.26,2.47,D
9.3743,80.46233,339.61,0.4,0.6,2026-09-06,720,N21,VIIRS,n,2.0NRT,290.52,4.13,D
9.38468,80.51876,345.42,0.39,0.6,2026-09-06,720,N21,VIIRS,n,2.0NRT,291,5.7,D
9.398,80.37682,338.47,0.4,0.6,2026-09-06,720,N21,VIIRS,n,2.0NRT,289.34,2.85,D
9.39895,80.3748,336.16,0.4,0.6,2026-09-06,720,N21,VIIRS,n,2.0NRT,289.92,3.96,D
9.40206,80.4609,346.37,0.4,0.6,2026-09-06,720,N21,VIIRS,n,2.0NRT,292.14,8.5,D
9.4027,80.46444,341.1,0.4,0.6,2026-09-06,720,N21,VIIRS,n,2.0NRT,291.79,8.93,D
9.40877,80.467,367,0.4,0.6,2026-09-06,720,N21,VIIRS,h,2.0NRT,292.53,10.66,D
9.42008,80.36726,330.35,0.4,0.6,2026-09-06,720,N21,VIIRS,n,2.0NRT,290.76,2.24,D
9.46915,80.47984,349.73,0.4,0.6,2026-09-06,720,N21,VIIRS,n,2.0NRT,289.89,19.34,D
9.4698,80.48336,355.61,0.4,0.6,2026-09-06,720,N21,VIIRS,l,2.0NRT,287.85,19.34,D
9.47606,80.45673,340.28,0.4,0.6,2026-09-06,720,N21,VIIRS,n,2.0NRT,289.8,4.51,D
9.76366,80.16456,338.37,0.41,0.61,2026-09-06,720,N21,VIIRS,n,2.0NRT,289.64,6.59,D
9.76915,80.16356,355.69,0.41,0.61,2026-09-06,720,N21,VIIRS,l,2.0NRT,289.47,6.59,D
9.77767,78.38486,346.77,0.54,0.68,2026-09-06,720,N21,VIIRS,n,2.0NRT,285.86,11.04,D
10.3562,79.15823,339.14,0.47,0.64,2026-09-06,720,N21,VIIRS,n,2.0NRT,286.24,5.56,D
10.35633,79.15871,337.42,0.47,0.64,2026-09-06,720,N21,VIIRS,n,2.0NRT,286.42,6.29,D
10.89275,77.62709,335.17,0.58,0.7,2026-09-06,720,N21,VIIRS,n,2.0NRT,290.69,7.34,D
10.93033,78.4953,331.85,0.51,0.66,2026-09-06,720,N21,VIIRS,n,2.0NRT,289.5,3.63,D
10.94046,78.16074,342.28,0.54,0.68,2026-09-06,720,N21,VIIRS,n,2.0NRT,285.74,3.88,D
11.62928,76.9966,333.19,0.63,0.72,2026-09-06,720,N21,VIIRS,n,2.0NRT,288.3,10.29,D
16.5745,79.53558,337.48,0.34,0.56,2026-09-06,722,N21,VIIRS,n,2.0NRT,295.02,3.57,D
17.85695,82.5862,340.58,0.41,0.45,2026-09-06,722,N21,VIIRS,n,2.0NRT,299.03,13.78,D
18.34005,83.61451,341.79,0.52,0.42,2026-09-06,722,N21,VIIRS,n,2.0NRT,299.78,6.89,D
25.02586,96.36914,335.06,0.38,0.59,2026-09-06,724,N21,VIIRS,n,2.0NRT,291.21,2.58,D
25.24637,96.33969,353.77,0.38,0.59,2026-09-06,724,N21,VIIRS,n,2.0NRT,291.46,7.76,D
26.75753,91.44517,339.79,0.39,0.44,2026-09-06,724,N21,VIIRS,n,2.0NRT,292.25,5.19,D
27.37982,95.33495,331,0.34,0.56,2026-09-06,724,N21,VIIRS,n,2.0NRT,289.17,3.08,D
27.98455,96.97561,328.55,0.44,0.63,2026-09-06,724,N21,VIIRS,n,2.0NRT,290.76,6.63,D
27.98621,96.97636,336.58,0.44,0.63,2026-09-06,724,N21,VIIRS,n,2.0NRT,291.79,6.46,D
29.13242,89.25173,329.32,0.48,0.4,2026-09-06,724,N21,VIIRS,l,2.0NRT,303.32,5.2,D
9.01685,77.36189,330.32,0.64,0.72,2026-09-06,900,N21,VIIRS,n,2.0NRT,290,2.82,D
14.60401,76.94505,337.41,0.71,0.75,2026-09-06,902,N21,VIIRS,n,2.0NRT,292.54,11.72,D
21.10248,72.64528,336.07,0.44,0.62,2026-09-06,905,N21,VIIRS,n,2.0NRT,287.71,4.62,D
21.10568,72.64432,346.09,0.44,0.62,2026-09-06,905,N21,VIIRS,n,2.0NRT,288.81,7.04,D
22.49434,70.02252,334.17,0.61,0.53,2026-09-06,905,N21,VIIRS,n,2.0NRT,295.48,4.24,D
23.17906,68.86296,341.75,0.52,0.5,2026-09-06,905,N21,VIIRS,n,2.0NRT,298.62,7.71,D
23.1795,68.86138,345.87,0.52,0.5,2026-09-06,905,N21,VIIRS,n,2.0NRT,298.93,9.5,D
23.48274,87.36269,312.05,0.38,0.36,2026-09-06,1949,N21,VIIRS,n,2.0NRT,292.75,3.34,N
23.61466,86.79137,308.98,0.39,0.36,2026-09-06,1949,N21,VIIRS,n,2.0NRT,286.72,1.61,N
24.15831,82.56628,305.94,0.55,0.43,2026-09-06,1949,N21,VIIRS,n,2.0NRT,282.34,1.9,N
24.20427,82.70858,297.39,0.54,0.42,2026-09-06,1949,N21,VIIRS,n,2.0NRT,270.96,1.13,N
25.81025,88.88363,308.18,0.39,0.36,2026-09-06,1949,N21,VIIRS,n,2.0NRT,290.52,2.12,N
27.31623,95.26494,305.56,0.46,0.47,2026-09-06,1949,N21,VIIRS,n,2.0NRT,288.89,1.88,N
27.3179,95.26727,307.94,0.46,0.47,2026-09-06,1949,N21,VIIRS,n,2.0NRT,289.22,1.68,N
27.32282,95.27635,306.54,0.46,0.47,2026-09-06,1949,N21,VIIRS,n,2.0NRT,289.34,2.59,N
27.37821,95.33459,305.64,0.47,0.47,2026-09-06,1949,N21,VIIRS,n,2.0NRT,288.04,2.09,N
28.34819,77.22955,305.35,0.44,0.62,2026-09-06,1949,N21,VIIRS,n,2.0NRT,280.96,1.15,N
28.77802,76.94595,304.33,0.46,0.63,2026-09-06,1949,N21,VIIRS,n,2.0NRT,289.64,1.37,N
29.47326,76.85646,324.33,0.47,0.64,2026-09-06,1949,N21,VIIRS,n,2.0NRT,290.26,4.33,N
29.47356,76.85158,302.93,0.47,0.64,2026-09-06,1949,N21,VIIRS,n,2.0NRT,289.78,3.15,N
29.47515,76.85677,331.04,0.47,0.64,2026-09-06,1949,N21,VIIRS,n,2.0NRT,290.31,5.28,N
29.47548,76.85191,304.26,0.47,0.64,2026-09-06,1949,N21,VIIRS,n,2.0NRT,290.19,3.72,N
17.60583,83.20129,309.33,0.44,0.38,2026-09-06,1951,N21,VIIRS,n,2.0NRT,288.42,3.22,N
17.69401,83.2431,307.37,0.44,0.38,2026-09-06,1951,N21,VIIRS,n,2.0NRT,292.97,3.07,N
17.95671,80.79757,308.92,0.39,0.44,2026-09-06,1951,N21,VIIRS,n,2.0NRT,286.23,1.28,N
18.70239,72.87109,299.8,0.66,0.73,2026-09-06,1951,N21,VIIRS,n,2.0NRT,287.35,2.22,N
18.71861,79.50751,320.2,0.48,0.48,2026-09-06,1951,N21,VIIRS,n,2.0NRT,292.32,2.19,N
19.0963,82.16698,318.95,0.51,0.41,2026-09-06,1951,N21,VIIRS,n,2.0NRT,290.87,2.64,N
19.10381,82.16806,310.01,0.51,0.41,2026-09-06,1951,N21,VIIRS,n,2.0NRT,291.73,1.96,N
19.10446,82.16328,322.2,0.51,0.41,2026-09-06,1951,N21,VIIRS,n,2.0NRT,290.44,1.96,N
19.92065,79.11182,308.37,0.53,0.5,2026-09-06,1951,N21,VIIRS,n,2.0NRT,291.33,1.39,N
19.9364,73.71198,304.75,0.6,0.71,2026-09-06,1951,N21,VIIRS,n,2.0NRT,286.13,1.49,N
19.93681,73.71275,302.18,0.6,0.71,2026-09-06,1951,N21,VIIRS,n,2.0NRT,285.75,1.17,N
20.69586,78.63654,306.64,0.58,0.52,2026-09-06,1951,N21,VIIRS,n,2.0NRT,289.87,1.82,N
20.7025,78.62045,304.89,0.58,0.52,2026-09-06,1951,N21,VIIRS,n,2.0NRT,290.46,1.43,N
20.75834,85.29536,307.05,0.4,0.37,2026-09-06,1951,N21,VIIRS,n,2.0NRT,291.92,3.3,N
20.76113,85.29971,310.07,0.4,0.37,2026-09-06,1951,N21,VIIRS,n,2.0NRT,290.1,2.21,N
20.76168,85.29589,314,0.4,0.37,2026-09-06,1951,N21,VIIRS,n,2.0NRT,292.13,3.23,N
20.78345,85.26453,322.86,0.4,0.37,2026-09-06,1951,N21,VIIRS,n,2.0NRT,291.6,4.24,N
20.7868,85.26508,315.21,0.4,0.37,2026-09-06,1951,N21,VIIRS,n,2.0NRT,291.95,3.82,N
20.78736,85.2613,309.22,0.4,0.37,2026-09-06,1951,N21,VIIRS,n,2.0NRT,289.98,4.23,N
20.79518,85.25484,322.61,0.4,0.37,2026-09-06,1951,N21,VIIRS,n,2.0NRT,290.58,3.94,N
20.79797,85.25918,318.29,0.4,0.37,2026-09-06,1951,N21,VIIRS,n,2.0NRT,290.52,3.75,N
20.86192,84.98773,312.63,0.4,0.37,2026-09-06,1951,N21,VIIRS,n,2.0NRT,289.97,1.65,N
20.86473,84.99213,307.16,0.4,0.37,2026-09-06,1951,N21,VIIRS,n,2.0NRT,292.27,1.65,N
20.8653,84.9883,323.32,0.4,0.37,2026-09-06,1951,N21,VIIRS,n,2.0NRT,292.15,1.65,N
20.86811,84.9927,307.79,0.4,0.37,2026-09-06,1951,N21,VIIRS,n,2.0NRT,292.29,1.47,N
20.86867,84.98887,306.01,0.4,0.37,2026-09-06,1951,N21,VIIRS,n,2.0NRT,291.79,1.47,N
20.88332,84.98332,306.85,0.4,0.37,2026-09-06,1951,N21,VIIRS,n,2.0NRT,292.24,2.47,N
20.88726,84.98001,317.45,0.4,0.37,2026-09-06,1951,N21,VIIRS,n,2.0NRT,292.25,2.84,N
20.93917,86.06352,322.48,0.39,0.36,2026-09-06,1951,N21,VIIRS,n,2.0NRT,286.25,2.13,N
20.96139,86.00672,329.84,0.39,0.36,2026-09-06,1951,N21,VIIRS,n,2.0NRT,292.1,2.79,N
20.96414,86.01098,328.03,0.39,0.36,2026-09-06,1951,N21,VIIRS,n,2.0NRT,292.65,2.79,N
20.9647,86.00729,307.27,0.39,0.36,2026-09-06,1951,N21,VIIRS,n,2.0NRT,292.5,2.79,N
20.96533,86.0493,315.3,0.39,0.36,2026-09-06,1951,N21,VIIRS,n,2.0NRT,291.54,4.42,N
20.96684,85.15375,308.85,0.4,0.37,2026-09-06,1951,N21,VIIRS,n,2.0NRT,288.92,3.53,N
20.96761,86.01177,312.83,0.39,0.36,2026-09-06,1951,N21,VIIRS,n,2.0NRT,293.39,4.63,N
20.97534,86.00551,313.77,0.39,0.36,2026-09-06,1951,N21,VIIRS,n,2.0NRT,291.69,3.57,N
20.99737,86.01688,306.61,0.39,0.36,2026-09-06,1951,N21,VIIRS,n,2.0NRT,292.06,3.47,N
20.99956,86.02483,310.64,0.39,0.36,2026-09-06,1951,N21,VIIRS,n,2.0NRT,292.53,3.29,N
21.17984,81.38757,334.69,0.4,0.44,2026-09-06,1951,N21,VIIRS,n,2.0NRT,290.64,5.58,N
21.18388,81.38812,307.27,0.4,0.44,2026-09-06,1951,N21,VIIRS,n,2.0NRT,289.69,1.97,N
21.18746,81.39248,307.85,0.39,0.44,2026-09-06,1951,N21,VIIRS,n,2.0NRT,290.36,1.97,N
21.24511,79.22173,300.76,0.54,0.51,2026-09-06,1951,N21,VIIRS,n,2.0NRT,284.94,1.43,N
21.33481,78.9703,317.42,0.56,0.52,2026-09-06,1951,N21,VIIRS,n,2.0NRT,288.35,2.73,N
21.33617,78.97189,303.5,0.56,0.52,2026-09-06,1951,N21,VIIRS,n,2.0NRT,287.65,2.19,N
21.33674,78.96648,312.94,0.56,0.52,2026-09-06,1951,N21,VIIRS,n,2.0NRT,287.88,2.19,N
21.37604,81.67924,313.69,0.57,0.43,2026-09-06,1951,N21,VIIRS,n,2.0NRT,290.89,5.37,N
21.37648,81.64273,309.02,0.38,0.43,2026-09-06,1951,N21,VIIRS,n,2.0NRT,289.84,2.47,N
21.48497,81.76863,308.04,0.57,0.43,2026-09-06,1951,N21,VIIRS,n,2.0NRT,290.88,1.78,N
21.67329,84.04231,307.47,0.44,0.38,2026-09-06,1951,N21,VIIRS,n,2.0NRT,291.54,1.34,N
21.67741,84.03861,319.51,0.44,0.38,2026-09-06,1951,N21,VIIRS,n,2.0NRT,292.17,2.02,N
21.68093,84.03916,306.01,0.44,0.38,2026-09-06,1951,N21,VIIRS,n,2.0NRT,291.78,2.02,N
21.69684,84.0316,305.16,0.44,0.38,2026-09-06,1951,N21,VIIRS,n,2.0NRT,291.21,2.18,N
21.73716,83.84133,306.03,0.45,0.39,2026-09-06,1951,N21,VIIRS,n,2.0NRT,291.7,3.15,N
21.74072,83.84187,313.14,0.45,0.39,2026-09-06,1951,N21,VIIRS,n,2.0NRT,292.44,3.14,N
21.74427,83.8424,321.89,0.45,0.39,2026-09-06,1951,N21,VIIRS,n,2.0NRT,292.42,3.14,N
21.74782,83.84293,333.05,0.45,0.39,2026-09-06,1951,N21,VIIRS,n,2.0NRT,293.38,6.22,N
21.75138,83.84347,307.62,0.45,0.39,2026-09-06,1951,N21,VIIRS,n,2.0NRT,291.53,6.22,N
21.75493,83.84402,325.2,0.45,0.39,2026-09-06,1951,N21,VIIRS,n,2.0NRT,292.45,3.45,N
21.75552,84.02353,308.12,0.44,0.39,2026-09-06,1951,N21,VIIRS,n,2.0NRT,292.38,3.79,N
21.75846,83.81814,305.94,0.45,0.39,2026-09-06,1951,N21,VIIRS,n,2.0NRT,291.27,2.72,N
21.75848,83.84456,312.83,0.45,0.39,2026-09-06,1951,N21,VIIRS,n,2.0NRT,291.95,3.45,N
21.76145,83.84943,332.73,0.45,0.39,2026-09-06,1951,N21,VIIRS,n,2.0NRT,292.77,7.56,N
21.76316,84.02039,316.08,0.44,0.39,2026-09-06,1951,N21,VIIRS,n,2.0NRT,292.6,5.04,N
21.76668,84.02093,315.08,0.44,0.39,2026-09-06,1951,N21,VIIRS,n,2.0NRT,291.84,2.41,N
21.7702,84.02148,307.86,0.44,0.39,2026-09-06,1951,N21,VIIRS,n,2.0NRT,291.52,2.41,N
21.8028,83.89114,316.61,0.45,0.39,2026-09-06,1951,N21,VIIRS,n,2.0NRT,291.41,5.2,N
21.82072,83.99737,307.74,0.44,0.39,2026-09-06,1951,N21,VIIRS,n,2.0NRT,290.2,2.84,N
21.83061,84.92894,306.5,0.41,0.37,2026-09-06,1951,N21,VIIRS,n,2.0NRT,291.41,1.79,N
21.92413,85.2254,305.64,0.4,0.37,2026-09-06,1951,N21,VIIRS,n,2.0NRT,290.96,1.53,N
21.9247,85.22151,317.23,0.4,0.37,2026-09-06,1951,N21,VIIRS,n,2.0NRT,292.18,1.53,N
21.92807,85.22208,307.39,0.4,0.37,2026-09-06,1951,N21,VIIRS,n,2.0NRT,291.47,1.84,N
21.93201,85.21877,303.37,0.4,0.37,2026-09-06,1951,N21,VIIRS,n,2.0NRT,289.91,0.87,N
21.98265,83.23364,310.95,0.48,0.4,2026-09-06,1951,N21,VIIRS,n,2.0NRT,290.97,3.63,N
22.00321,82.67044,315.66,0.51,0.41,2026-09-06,1951,N21,VIIRS,n,2.0NRT,291.68,3.33,N
22.05496,85.4639,312.12,0.4,0.37,2026-09-06,1951,N21,VIIRS,n,2.0NRT,291.38,1.76,N
22.31702,82.5345,307.37,0.53,0.42,2026-09-06,1951,N21,VIIRS,n,2.0NRT,290.57,3.28,N
22.31763,82.56873,306.95,0.52,0.42,2026-09-06,1951,N21,VIIRS,n,2.0NRT,290.47,2.06,N
22.31768,82.56052,313.71,0.53,0.42,2026-09-06,1951,N21,VIIRS,n,2.0NRT,289.79,2.92,N
22.3178,82.53771,306.32,0.53,0.42,2026-09-06,1951,N21,VIIRS,n,2.0NRT,290.36,3.07,N
22.3183,82.56366,319.08,0.52,0.42,2026-09-06,1951,N21,VIIRS,n,2.0NRT,290.38,2.06,N
22.32086,82.56615,311.06,0.53,0.42,2026-09-06,1951,N21,VIIRS,n,2.0NRT,290.47,2.92,N
22.32152,82.592,311.4,0.52,0.42,2026-09-06,1951,N21,VIIRS,n,2.0NRT,289.16,1.93,N
22.32212,82.56421,305.79,0.52,0.42,2026-09-06,1951,N21,VIIRS,n,2.0NRT,290.22,2.06,N
22.3234,82.54583,306.81,0.53,0.42,2026-09-06,1951,N21,VIIRS,n,2.0NRT,291.22,2.56,N
22.33105,82.60877,308.47,0.52,0.42,2026-09-06,1951,N21,VIIRS,n,2.0NRT,287.6,3.44,N
22.35644,82.30141,314.88,0.54,0.42,2026-09-06,1951,N21,VIIRS,n,2.0NRT,289.64,2.76,N
22.35738,82.30347,319.05,0.54,0.42,2026-09-06,1951,N21,VIIRS,n,2.0NRT,289.87,4.29,N
22.36474,87.29965,320.44,0.38,0.36,2026-09-06,1951,N21,VIIRS,n,2.0NRT,289.36,3.58,N
22.3781,87.27927,319.56,0.38,0.36,2026-09-06,1951,N21,VIIRS,n,2.0NRT,288.59,3.42,N
22.79858,86.09092,305.09,0.39,0.36,2026-09-06,1951,N21,VIIRS,n,2.0NRT,289.32,2.05,N
22.8019,86.09149,318.96,0.39,0.36,2026-09-06,1951,N21,VIIRS,n,2.0NRT,289.46,2.05,N
23.16361,82.33897,317.03,0.55,0.43,2026-09-06,1951,N21,VIIRS,n,2.0NRT,290.2,2.29,N
23.16684,82.34496,304.82,0.55,0.43,2026-09-06,1951,N21,VIIRS,n,2.0NRT,289.89,1.37,N
23.16751,82.33961,309.71,0.55,0.43,2026-09-06,1951,N21,VIIRS,n,2.0NRT,290.04,2.29,N
10.61561,77.42004,305.64,0.51,0.5,2026-09-06,1953,N21,VIIRS,n,2.0NRT,289.97,1.34,N
10.90553,77.41677,303.06,0.52,0.5,2026-09-06,1953,N21,VIIRS,n,2.0NRT,288.18,0.89,N
10.90637,77.41584,305.31,0.52,0.5,2026-09-06,1953,N21,VIIRS,n,2.0NRT,288.22,1.64,N
11.92694,78.42115,310.15,0.46,0.47,2026-09-06,1953,N21,VIIRS,n,2.0NRT,279.06,1.68,N
15.02131,78.01621,302.1,0.54,0.51,2026-09-06,1953,N21,VIIRS,n,2.0NRT,279.67,1.34,N
15.02251,78.01427,306.85,0.54,0.51,2026-09-06,1953,N21,VIIRS,n,2.0NRT,280.86,1.86,N
15.16735,76.37926,295.86,0.35,0.57,2026-09-06,1953,N21,VIIRS,n,2.0NRT,269,0.78,N
15.17636,76.65552,297.68,0.33,0.56,2026-09-06,1953,N21,VIIRS,n,2.0NRT,256.27,0.89,N
15.18383,76.66652,300.28,0.33,0.56,2026-09-06,1953,N21,VIIRS,n,2.0NRT,258.15,0.76,N
6.75894,81.51421,325.96,0.41,0.37,2026-09-06,1955,N21,VIIRS,n,2.0NRT,294.45,7.8,N
6.76235,81.51471,348.06,0.41,0.37,2026-09-06,1955,N21,VIIRS,n,2.0NRT,296.07,7.8,N
6.81242,81.52978,314.8,0.41,0.37,2026-09-06,1955,N21,VIIRS,n,2.0NRT,293.94,1.82,N
6.86306,81.40453,339.12,0.42,0.37,2026-09-06,1955,N21,VIIRS,n,2.0NRT,296.45,14.16,N
7.06719,80.85822,309.08,0.44,0.38,2026-09-06,1955,N21,VIIRS,n,2.0NRT,287.63,1.85,N
7.07072,80.85854,323.07,0.44,0.38,2026-09-06,1955,N21,VIIRS,n,2.0NRT,289.2,1.85,N
7.07128,80.85484,306.39,0.44,0.38,2026-09-06,1955,N21,VIIRS,n,2.0NRT,285.99,1.03,N
7.07427,80.85882,323.29,0.44,0.38,2026-09-06,1955,N21,VIIRS,n,2.0NRT,288.54,1.86,N
7.69619,80.44563,310.04,0.46,0.39,2026-09-06,1955,N21,VIIRS,n,2.0NRT,291.96,1.06,N
7.80051,79.83681,305.69,0.5,0.41,2026-09-06,1955,N21,VIIRS,n,2.0NRT,291.91,2.27,N
8.08453,80.78139,298.88,0.45,0.39,2026-09-06,1955,N21,VIIRS,n,2.0NRT,282.58,0.45,N
10.39689,77.61567,334,0.49,0.49,2026-09-06,1955,N21,VIIRS,n,2.0NRT,287.66,6.43,N
27.28563,73.83921,303.97,0.4,0.6,2026-09-06,2129,N21,VIIRS,n,2.0NRT,291.86,0.89,N
28.34751,77.23099,304.74,0.6,0.71,2026-09-06,2129,N21,VIIRS,n,2.0NRT,286.45,1.08,N
28.42334,69.69944,316.01,0.43,0.46,2026-09-06,2129,N21,VIIRS,n,2.0NRT,296.25,1.29,N
28.42422,69.7018,316.33,0.43,0.46,2026-09-06,2129,N21,VIIRS,n,2.0NRT,296.28,1.49,N
29.47525,76.85799,324.48,0.54,0.68,2026-09-06,2129,N21,VIIRS,n,2.0NRT,289.53,3.96,N
32.28944,70.74013,308.9,0.41,0.45,2026-09-06,2129,N21,VIIRS,n,2.0NRT,293.77,1.32,N
32.57333,72.56387,308.1,0.51,0.5,2026-09-06,2129,N21,VIIRS,n,2.0NRT,295.65,1.92,N
32.6544,70.4734,307.31,0.39,0.44,2026-09-06,2129,N21,VIIRS,n,2.0NRT,293.33,1.09,N
32.88883,71.61728,309.38,0.45,0.47,2026-09-06,2129,N21,VIIRS,n,2.0NRT,295,1.63,N
33.29612,71.18707,313.29,0.42,0.45,2026-09-06,2129,N21,VIIRS,n,2.0NRT,293.76,1.53,N
33.29797,71.18443,307.28,0.42,0.45,2026-09-06,2129,N21,VIIRS,n,2.0NRT,292.9,1.91,N
33.54538,71.55154,306.95,0.43,0.46,2026-09-06,2129,N21,VIIRS,n,2.0NRT,293.68,1.47,N
21.10587,72.64745,308.43,0.46,0.64,2026-09-06,2131,N21,VIIRS,n,2.0NRT,284.69,1.82,N
21.10685,72.64314,298.83,0.46,0.64,2026-09-06,2131,N21,VIIRS,n,2.0NRT,284.33,1.82,N
22.93151,69.70107,302.36,0.55,0.51,2026-09-06,2131,N21,VIIRS,n,2.0NRT,292.14,1.36,N
25.38676,68.58319,315.41,0.42,0.45,2026-09-06,2131,N21,VIIRS,n,2.0NRT,296.36,3.07,N
15.65738,73.98853,302.91,0.73,0.76,2026-09-06,2133,N21,VIIRS,n,2.0NRT,285.05,1.98,N